,datetime,ascii_data,mss_payload_id,mss_payload_mode,mss_payload_error,mss_payload_temp1,mss_payload_temp2,mss_payload_reserved,packet_version_number,packet_type,packet_secondary_header_flag,packet_id,packet_grouping_flag,packet_sequence_count,packet_data_length,time_ms_in_week,time_week_number,word_10_spare,disk_1_status,disk_1_files,disk_1_sector,disk_1_playback_pct,disk_2_status,disk_2_files,disk_2_sector,disk_2_playback_pct,tcb_temperature,mcb_1_temperature,mcb_2_temperature,atb_temperature,ivb_temperature,psb_3v3_bus_voltage,psb_3v3_bus_current,psb_3v3_bus_temperature,psb_5v0_bus_voltage,psb_5v0_bus_current,psb_5v0_bus_temperature,psb_12v_bus_voltage,psb_12v_bus_current,psb_12v_bus_temperature
17076,09/27/2016 06:10:37.5698,,402,17,0,56,48,0,0,0,1,1028,3,15263,49,16996626,0,0,0.0,0.0,0.0,0.0,0.0,0.0,0.0,0.0,65.0625,52.59375,50.03125,51.84375,39.9375,3.267578125,2.390625,58.25,5.0078125,0.7431640625,57.3125,11.9921875,0.134033203125,54.125
17077,09/27/2016 06:10:38.4249,[1553   ] SSD_POWER_ON ssd=1,402,17,0,56,48,0,0,0,1,1026,3,1065,49,16997041,0,0,,,,,,,,,,,,,,,,,,,,,,
17078,09/27/2016 06:10:38.4329,[0000338] cmd:success [0x00000001],402,17,0,56,48,0,0,0,1,1026,3,1066,49,16997044,0,0,,,,,,,,,,,,,,,,,,,,,,
17079,09/27/2016 06:10:38.4409,ssd:1   - disk detected... please wait,402,17,0,56,48,0,0,0,1,1026,3,1067,49,16997144,0,0,,,,,,,,,,,,,,,,,,,,,,
17080,09/27/2016 06:10:38.4589,,402,17,0,56,48,0,0,0,1,1028,3,15264,49,16997627,0,0,0.0,0.0,0.0,0.0,0.0,0.0,0.0,0.0,65.0,52.59375,50.0,51.71875,39.9375,3.267578125,2.390625,58.25,5.0078125,0.7431640625,57.3125,11.9921875,0.134033203125,54.125
17081,09/27/2016 06:10:39.5690,,402,17,0,56,48,0,0,0,1,1028,3,15265,49,16998626,0,0,0.0,0.0,0.0,0.0,0.0,0.0,0.0,0.0,64.5625,52.65625,49.84375,51.71875,39.9375,3.267578125,2.38671875,58.25,5.0078125,0.81103515625,57.3125,11.9921875,0.134033203125,54.125
17082,09/27/2016 06:10:40.4811,,402,17,0,56,48,0,0,0,1,1028,3,15266,49,16999626,0,0,0.0,0.0,0.0,0.0,0.0,0.0,0.0,0.0,64.8125,52.625,49.875,51.65625,39.9375,3.267578125,2.384765625,58.25,5.0078125,0.81103515625,57.3125,11.9921875,0.142944335938,54.0625
17083,09/27/2016 06:10:41.5822,,402,17,0,56,48,0,0,0,1,1028,3,15267,49,17000626,0,0,0.0,0.0,0.0,0.0,0.0,0.0,0.0,0.0,64.6875,52.65625,50.03125,51.78125,39.9375,3.267578125,2.390625,58.25,5.0078125,0.81005859375,57.3125,11.9921875,0.142944335938,54.0625
17084,09/27/2016 06:10:42.4963,,402,17,0,56,48,0,0,0,1,1028,3,15268,49,17001626,0,0,0.0,0.0,0.0,0.0,0.0,0.0,0.0,0.0,64.625,52.375,49.8125,51.71875,39.9375,3.267578125,2.3828125,58.3125,5.0078125,0.81005859375,57.3125,11.9921875,0.134033203125,54.125
17085,09/27/2016 06:10:43.4084,,402,17,0,56,48,0,0,0,1,1028,3,15269,49,17002626,0,0,0.0,0.0,0.0,0.0,0.0,0.0,0.0,0.0,64.75,52.5625,49.9375,51.75,39.9375,3.271484375,2.3203125,58.25,5.0078125,0.81103515625,57.3125,11.9921875,0.142944335938,54.125
17086,09/27/2016 06:10:43.4314,ssd:1   - disk initializing...,402,17,0,56,48,0,0,0,1,1026,3,1068,49,17002745,0,0,,,,,,,,,,,,,,,,,,,,,,
17087,09/27/2016 06:10:43.4414,ssd:1   - disk capacity = 250069680,402,17,0,56,48,0,0,0,1,1026,3,1069,49,17002746,0,0,,,,,,,,,,,,,,,,,,,,,,
17088,09/27/2016 06:10:43.4514,ssd:1   - disk capacity = 250069680,402,17,0,56,48,0,0,0,1,1026,3,1069,49,17002746,0,0,,,,,,,,,,,,,,,,,,,,,,
17089,09/27/2016 06:10:44.4615,ssd:1   - partition: read  @         0 crc:,402,17,0,56,48,0,0,0,1,1026,3,1070,49,17002750,0,0,,,,,,,,,,,,,,,,,,,,,,
17090,09/27/2016 06:10:44.4715,ssd:1   - partition: write @ 250069424 crc:,402,17,0,56,48,0,0,0,1,1026,3,1071,49,17002751,0,0,,,,,,,,,,,,,,,,,,,,,,
17091,09/27/2016 06:10:44.4815,ssd:1   - detected 3 partitions,402,17,0,56,48,0,0,0,1,1026,3,1072,49,17002833,0,0,,,,,,,,,,,,,,,,,,,,,,
17092,09/27/2016 06:10:44.4905,ssd:1:1 - directory: read  @       128 crc:,402,17,0,56,48,0,0,0,1,1026,3,1073,49,17002836,0,0,,,,,,,,,,,,,,,,,,,,,,
17093,09/27/2016 06:10:44.4995,ssd:1:2 - directory: read  @  15625128 crc:,402,17,0,56,48,0,0,0,1,1026,3,1074,49,17002838,0,0,,,,,,,,,,,,,,,,,,,,,,
17094,09/27/2016 06:10:44.5085,ssd:1:3 - directory: read  @ 132812628 crc:,402,17,0,56,48,0,0,0,1,1026,3,1075,49,17002842,0,0,,,,,,,,,,,,,,,,,,,,,,
17095,09/27/2016 06:10:44.5175,,402,17,0,56,48,0,0,0,1,1028,3,15270,49,17003627,0,0,0.0,2.0,4630.0,0.0,0.0,0.0,0.0,0.0,65.0625,52.5,50.15625,51.84375,39.9375,3.267578125,2.3984375,58.25,5.0078125,0.81103515625,57.3125,11.9921875,0.135009765625,54.125
17096,09/27/2016 06:10:45.4216,,402,17,0,56,48,0,0,0,1,1028,3,15271,49,17004626,0,0,0.0,2.0,4630.0,0.0,0.0,0.0,0.0,0.0,64.5625,52.625,49.84375,51.59375,39.9375,3.267578125,2.384765625,58.25,5.0078125,0.81103515625,57.3125,11.9921875,0.142944335938,54.0625
17097,09/27/2016 06:10:46.5197,,402,17,0,56,48,0,0,0,1,1028,3,15272,49,17005626,0,0,0.0,2.0,4630.0,0.0,0.0,0.0,0.0,0.0,65.1875,52.40625,50.09375,51.875,39.9375,3.267578125,2.390625,58.3125,5.0078125,0.81103515625,57.3125,11.9921875,0.142944335938,54.0625
17098,09/27/2016 06:10:47.4118,,402,17,0,56,48,0,0,0,1,1028,3,15273,49,17006626,0,0,0.0,2.0,4630.0,0.0,0.0,0.0,0.0,0.0,65.0,52.46875,49.8125,51.84375,39.9375,3.267578125,2.3828125,58.25,5.0078125,0.81103515625,57.3125,11.9921875,0.134033203125,54.125
17099,09/27/2016 06:10:48.5309,,402,17,0,56,48,0,0,0,1,1028,3,15274,49,17007626,0,0,0.0,2.0,4630.0,0.0,0.0,0.0,0.0,0.0,64.75,52.5625,50.09375,51.6875,39.9375,3.267578125,2.26953125,58.25,5.0078125,0.81103515625,57.3125,11.9921875,0.142944335938,54.0625
17100,09/27/2016 06:10:49.4340,,402,17,0,56,48,0,0,0,1,1028,3,15275,49,17008626,0,0,0.0,2.0,4630.0,0.0,0.0,0.0,0.0,0.0,64.5,52.6875,50.09375,51.875,39.9375,3.267578125,2.388671875,58.25,5.0078125,0.81103515625,57.3125,11.9921875,0.135009765625,54.125
17101,09/27/2016 06:10:50.5391,,402,17,0,56,48,0,0,0,1,1028,3,15276,49,17009626,0,0,0.0,2.0,4630.0,0.0,0.0,0.0,0.0,0.0,64.9375,52.59375,49.8125,51.9375,39.9375,3.267578125,2.388671875,58.3125,5.0078125,0.81103515625,57.3125,11.9921875,0.142944335938,54.125
17102,09/27/2016 06:10:51.4432,,402,17,0,56,48,0,0,0,1,1028,3,15277,49,17010626,0,0,0.0,2.0,4630.0,0.0,0.0,0.0,0.0,0.0,64.9375,52.65625,50.125,51.75,39.9375,3.267578125,2.396484375,58.3125,5.0078125,0.81103515625,57.375,11.9921875,0.142944335938,54.125
17103,09/27/2016 06:10:52.5353,,402,17,0,56,48,0,0,0,1,1028,3,15278,49,17011626,0,0,0.0,2.0,4630.0,0.0,0.0,0.0,0.0,0.0,64.75,52.59375,50.0625,51.875,39.9375,3.267578125,2.38671875,58.25,5.0078125,0.81103515625,57.3125,11.9921875,0.134033203125,54.0625
17104,09/27/2016 06:10:53.4264,,402,17,0,56,48,0,0,0,1,1028,3,15279,49,17012626,0,0,0.0,2.0,4630.0,0.0,0.0,0.0,0.0,0.0,65.125,52.65625,50.0,51.84375,39.9375,3.267578125,2.390625,58.25,5.0078125,0.81103515625,57.3125,11.9921875,0.142944335938,54.0625
17105,09/27/2016 06:10:54.5415,,402,17,0,56,48,0,0,0,1,1028,3,15280,49,17013627,0,0,0.0,2.0,4630.0,0.0,0.0,0.0,0.0,0.0,65.125,52.5625,49.875,51.65625,39.9375,3.267578125,2.38671875,58.3125,5.0078125,0.81005859375,57.3125,11.9921875,0.135009765625,54.125
17106,09/27/2016 06:10:55.4496,,402,17,0,56,48,0,0,0,1,1028,3,15281,49,17014626,0,0,0.0,2.0,4630.0,0.0,0.0,0.0,0.0,0.0,65.1875,52.71875,50.09375,51.71875,39.9375,3.267578125,2.388671875,58.25,5.0078125,0.81103515625,57.375,11.9921875,0.142944335938,54.0625
17107,09/27/2016 06:10:56.5557,,402,17,0,56,48,0,0,0,1,1028,3,15282,49,17015626,0,0,0.0,2.0,4630.0,0.0,0.0,0.0,0.0,0.0,64.6875,52.65625,50.09375,51.65625,39.9375,3.267578125,2.384765625,58.25,5.0078125,0.81103515625,57.375,11.9921875,0.142944335938,54.0625
17108,09/27/2016 06:10:57.4728,,402,17,0,56,48,0,0,0,1,1028,3,15283,49,17016626,0,0,0.0,2.0,4630.0,0.0,0.0,0.0,0.0,0.0,64.6875,52.46875,49.96875,51.78125,39.9375,3.267578125,2.38671875,58.25,5.0078125,0.81103515625,57.375,11.9921875,0.134033203125,54.0625
17109,09/27/2016 06:10:58.5659,,402,17,0,56,48,0,0,0,1,1028,3,15284,49,17017626,0,0,0.0,2.0,4630.0,0.0,0.0,0.0,0.0,0.0,65.0,52.53125,50.0625,51.96875,39.9375,3.267578125,2.396484375,58.25,5.0078125,0.81103515625,57.375,11.9921875,0.142944335938,54.125
17110,09/27/2016 06:10:59.4610,,402,17,0,56,48,0,0,0,1,1028,3,15285,49,17018626,0,0,0.0,2.0,4630.0,0.0,0.0,0.0,0.0,0.0,65.125,52.71875,50.0625,51.9375,39.9375,3.267578125,2.384765625,58.25,5.0078125,0.81103515625,57.375,11.9921875,0.135009765625,54.125
17111,09/27/2016 06:11:00.5741,,402,17,0,56,48,0,0,0,1,1028,3,15286,49,17019626,0,0,0.0,2.0,4630.0,0.0,0.0,0.0,0.0,0.0,64.875,52.6875,50.1875,51.59375,39.9375,3.267578125,2.392578125,58.3125,5.0078125,0.81103515625,57.375,11.9921875,0.142944335938,54.125
17112,09/27/2016 06:11:01.4842,,402,17,0,56,48,0,0,0,1,1028,3,15287,49,17020626,0,0,0.0,2.0,4630.0,0.0,0.0,0.0,0.0,0.0,65.0,52.59375,50.03125,51.75,39.9375,3.267578125,2.388671875,58.3125,5.0078125,0.81103515625,57.375,11.9921875,0.142944335938,54.0625
17113,09/27/2016 06:11:02.6103,,402,17,0,56,48,0,0,0,1,1028,3,15288,49,17021626,0,0,0.0,2.0,4630.0,0.0,0.0,0.0,0.0,0.0,64.625,52.8125,49.96875,51.9375,39.9375,3.267578125,2.388671875,58.3125,5.0078125,0.81005859375,57.375,11.9921875,0.134033203125,54.125
17114,09/27/2016 06:11:03.5214,,402,17,0,56,48,0,0,0,1,1028,3,15289,49,17022626,0,0,0.0,2.0,4630.0,0.0,0.0,0.0,0.0,0.0,64.9375,52.65625,50.0,51.90625,39.9375,3.267578125,2.38671875,58.3125,5.0078125,0.81103515625,57.375,11.9921875,0.142944335938,54.0625
17115,09/27/2016 06:11:04.4355,,402,17,0,56,48,0,0,0,1,1028,3,15290,49,17023627,0,0,0.0,2.0,4630.0,0.0,0.0,0.0,0.0,0.0,64.8125,52.65625,50.03125,51.625,39.9375,3.267578125,2.392578125,58.3125,5.0078125,0.81103515625,57.375,11.9921875,0.135009765625,54.0625
17116,09/27/2016 06:11:05.5406,,402,17,0,56,48,0,0,0,1,1028,3,15291,49,17024626,0,0,0.0,2.0,4630.0,0.0,0.0,0.0,0.0,0.0,65.0,52.5,50.15625,51.96875,39.9375,3.267578125,2.388671875,58.3125,5.0078125,0.81103515625,57.375,11.9921875,0.142944335938,54.125
17117,09/27/2016 06:11:06.4347,,402,17,0,56,48,0,0,0,1,1028,3,15292,49,17025626,0,0,0.0,2.0,4630.0,0.0,0.0,0.0,0.0,0.0,64.9375,52.6875,50.0,51.78125,39.9375,3.267578125,2.388671875,58.3125,5.0078125,0.81103515625,57.375,11.9921875,0.142944335938,54.0625
17118,09/27/2016 06:11:07.5488,,402,17,0,56,48,0,0,0,1,1028,3,15293,49,17026626,0,0,0.0,2.0,4630.0,0.0,0.0,0.0,0.0,0.0,64.75,52.8125,50.0625,51.96875,39.9375,3.267578125,2.392578125,58.3125,5.0078125,0.81103515625,57.375,11.9921875,0.134033203125,54.125
17119,09/27/2016 06:11:08.4399,,402,17,0,56,48,0,0,0,1,1028,3,15294,49,17027626,0,0,0.0,2.0,4630.0,0.0,0.0,0.0,0.0,0.0,65.0,52.71875,50.03125,51.96875,39.9375,3.267578125,2.388671875,58.3125,5.0078125,0.81103515625,57.375,11.9921875,0.142944335938,54.125
17120,09/27/2016 06:11:09.5320,,402,17,0,56,48,0,0,0,1,1028,3,15295,49,17028626,0,0,0.0,2.0,4630.0,0.0,0.0,0.0,0.0,0.0,64.8125,52.71875,50.0625,51.71875,39.9375,3.267578125,2.384765625,58.3125,5.0078125,0.81103515625,57.375,11.9921875,0.134033203125,54.0625
17121,09/27/2016 06:11:10.4381,,402,17,0,56,48,0,0,0,1,1028,3,15296,49,17029626,0,0,0.0,2.0,4630.0,0.0,0.0,0.0,0.0,0.0,64.875,52.625,50.125,51.96875,39.9375,3.267578125,2.388671875,58.3125,5.0078125,0.81103515625,57.375,11.9921875,0.142944335938,54.125
17122,09/27/2016 06:11:11.5432,,402,17,0,56,48,0,0,0,1,1028,3,15297,49,17030626,0,0,0.0,2.0,4630.0,0.0,0.0,0.0,0.0,0.0,64.9375,52.3125,50.15625,51.875,39.9375,3.267578125,2.384765625,58.3125,5.0078125,0.81103515625,57.4375,11.9921875,0.142944335938,54.125
17123,09/27/2016 06:11:12.4443,,402,17,0,56,48,0,0,0,1,1028,3,15298,49,17031626,0,0,0.0,2.0,4630.0,0.0,0.0,0.0,0.0,0.0,65.0,52.625,49.96875,51.875,39.9375,3.267578125,2.384765625,58.3125,5.0078125,0.81103515625,57.4375,11.9921875,0.134033203125,54.0625
17124,09/27/2016 06:11:13.5574,,402,17,0,56,48,0,0,0,1,1028,3,15299,49,17032626,0,0,0.0,2.0,4630.0,0.0,0.0,0.0,0.0,0.0,64.9375,52.8125,50.0625,51.9375,39.9375,3.267578125,2.38671875,58.3125,5.0078125,0.81103515625,57.375,11.9921875,0.142944335938,54.0625
17125,09/27/2016 06:11:14.4515,,402,17,0,56,48,0,0,0,1,1028,3,15300,49,17033627,0,0,0.0,2.0,4630.0,0.0,0.0,0.0,0.0,0.0,64.6875,52.53125,49.96875,51.71875,39.9375,3.267578125,2.396484375,58.3125,5.0078125,0.81103515625,57.4375,11.9921875,0.134033203125,54.125
17126,09/27/2016 06:11:15.5576,,402,17,0,56,48,0,0,0,1,1028,3,15301,49,17034626,0,0,0.0,2.0,4630.0,0.0,0.0,0.0,0.0,0.0,65.0,52.6875,49.96875,51.5,39.9375,3.267578125,2.384765625,58.3125,5.0078125,0.81201171875,57.4375,11.9921875,0.142944335938,54.125
17127,09/27/2016 06:11:16.4717,,402,17,0,56,48,0,0,0,1,1028,3,15302,49,17035627,0,0,0.0,2.0,4630.0,0.0,0.0,0.0,0.0,0.0,64.875,52.65625,49.96875,51.90625,39.9375,3.267578125,2.388671875,58.3125,5.0078125,0.81103515625,57.4375,11.9921875,0.142944335938,54.125
17128,09/27/2016 06:11:17.5638,,402,17,0,56,48,0,0,0,1,1028,3,15303,49,17036627,0,0,0.0,2.0,4630.0,0.0,0.0,0.0,0.0,0.0,65.0625,52.6875,50.125,51.90625,39.9375,3.267578125,2.3828125,58.3125,5.0078125,0.81103515625,57.4375,11.9921875,0.134033203125,54.125
17129,09/27/2016 06:11:18.4619,,402,17,0,56,48,0,0,0,1,1028,3,15304,49,17037627,0,0,0.0,2.0,4630.0,0.0,0.0,0.0,0.0,0.0,64.75,52.59375,49.75,51.875,39.9375,3.267578125,2.388671875,58.3125,5.0078125,0.81103515625,57.4375,11.9921875,0.142944335938,54.125
17130,09/27/2016 06:11:19.5640,,402,17,0,56,48,0,0,0,1,1028,3,15305,49,17038627,0,0,0.0,2.0,4630.0,0.0,0.0,0.0,0.0,0.0,64.75,52.59375,50.0,51.78125,39.9375,3.267578125,2.384765625,58.3125,5.0078125,0.81103515625,57.4375,11.9921875,0.134033203125,54.125
17131,09/27/2016 06:11:20.4621,,402,17,0,56,48,0,0,0,1,1028,3,15306,49,17039627,0,0,0.0,2.0,4630.0,0.0,0.0,0.0,0.0,0.0,64.8125,52.8125,50.0625,51.78125,39.9375,3.267578125,2.38671875,58.3125,5.0078125,0.81103515625,57.4375,11.9921875,0.142944335938,54.125
17132,09/27/2016 06:11:21.5762,,402,17,0,56,48,0,0,0,1,1028,3,15307,49,17040627,0,0,0.0,2.0,4630.0,0.0,0.0,0.0,0.0,0.0,64.875,52.5,50.0,51.71875,39.9375,3.267578125,2.392578125,58.3125,5.0078125,0.81103515625,57.4375,11.9921875,0.142944335938,54.125
17133,09/27/2016 06:11:22.4823,,402,17,0,56,48,0,0,0,1,1028,3,15308,49,17041627,0,0,0.0,2.0,4630.0,0.0,0.0,0.0,0.0,0.0,64.875,52.53125,50.0625,51.875,39.9375,3.267578125,2.38671875,58.3125,5.0078125,0.81103515625,57.4375,11.9921875,0.134033203125,54.125
17134,09/27/2016 06:11:23.5914,,402,17,0,56,48,0,0,0,1,1028,3,15309,49,17042627,0,0,0.0,2.0,4630.0,0.0,0.0,0.0,0.0,0.0,64.25,52.6875,50.09375,51.8125,39.9375,3.267578125,2.388671875,58.3125,5.0078125,0.81103515625,57.4375,11.9921875,0.142944335938,54.125
17135,09/27/2016 06:11:24.5075,,402,17,0,56,48,0,0,0,1,1028,3,15310,49,17043627,0,0,0.0,2.0,4630.0,0.0,0.0,0.0,0.0,0.0,64.6875,52.6875,50.21875,51.96875,39.9375,3.267578125,2.38671875,58.3125,5.0078125,0.81103515625,57.4375,11.9921875,0.134033203125,54.125
17136,09/27/2016 06:11:25.4146,,402,17,0,56,48,0,0,0,1,1028,3,15311,49,17044627,0,0,0.0,2.0,4630.0,0.0,0.0,0.0,0.0,0.0,64.875,52.6875,49.96875,51.8125,39.9375,3.267578125,2.388671875,58.3125,5.0078125,0.81103515625,57.4375,11.9921875,0.142944335938,54.125
17137,09/27/2016 06:11:26.5237,,402,17,0,56,48,0,0,0,1,1028,3,15312,49,17045627,0,0,0.0,2.0,4630.0,0.0,0.0,0.0,0.0,0.0,64.75,52.625,50.125,51.875,39.9375,3.267578125,2.38671875,58.3125,5.0078125,0.81103515625,57.4375,11.9921875,0.142944335938,54.125
17138,09/27/2016 06:11:27.4248,,402,17,0,56,48,0,0,0,1,1028,3,15313,49,17046627,0,0,0.0,2.0,4630.0,0.0,0.0,0.0,0.0,0.0,65.0,52.5625,50.09375,51.875,39.9375,3.267578125,2.38671875,58.3125,5.0078125,0.81103515625,57.4375,11.9921875,0.134033203125,54.125
17139,09/27/2016 06:11:28.5369,,402,17,0,56,48,0,0,0,1,1028,3,15314,49,17047627,0,0,0.0,2.0,4630.0,0.0,0.0,0.0,0.0,0.0,64.75,52.625,50.03125,51.8125,39.9375,3.267578125,2.396484375,58.3125,5.0078125,0.81201171875,57.4375,11.9921875,0.142944335938,54.125
17140,09/27/2016 06:11:29.4220,,402,17,0,56,48,0,0,0,1,1028,3,15315,49,17048627,0,0,0.0,2.0,4630.0,0.0,0.0,0.0,0.0,0.0,64.9375,52.65625,49.9375,51.75,39.9375,3.267578125,2.390625,58.3125,5.0078125,0.81005859375,57.4375,11.9921875,0.134033203125,54.125
17141,09/27/2016 06:11:30.5241,,402,17,0,56,48,0,0,0,1,1028,3,15316,49,17049627,0,0,0.0,2.0,4630.0,0.0,0.0,0.0,0.0,0.0,64.5,52.8125,49.96875,51.84375,39.9375,3.267578125,2.388671875,58.3125,5.0078125,0.81201171875,57.4375,11.9921875,0.142944335938,54.125
17142,09/27/2016 06:11:31.4152,,402,17,0,56,48,0,0,0,1,1028,3,15317,49,17050627,0,0,0.0,2.0,4630.0,0.0,0.0,0.0,0.0,0.0,64.75,52.375,50.0,51.71875,39.9375,3.267578125,2.38671875,58.3125,5.0078125,0.81103515625,57.4375,11.9921875,0.142944335938,54.125
17143,09/27/2016 06:11:32.5423,,402,17,0,56,48,0,0,0,1,1028,3,15318,49,17051627,0,0,0.0,2.0,4630.0,0.0,0.0,0.0,0.0,0.0,64.6875,52.59375,50.0625,51.90625,39.9375,3.267578125,2.388671875,58.3125,5.0078125,0.81005859375,57.4375,11.9921875,0.134033203125,54.125
17144,09/27/2016 06:11:33.4424,,402,17,0,56,48,0,0,0,1,1028,3,15319,49,17052627,0,0,0.0,2.0,4630.0,0.0,0.0,0.0,0.0,0.0,64.875,52.53125,49.9375,51.71875,39.9375,3.267578125,2.388671875,58.3125,5.0078125,0.81103515625,57.4375,11.9921875,0.142944335938,54.125
17145,09/27/2016 06:11:34.5485,,402,17,0,56,48,0,0,0,1,1028,3,15320,49,17053627,0,0,0.0,2.0,4630.0,0.0,0.0,0.0,0.0,0.0,65.125,52.59375,50.0,51.90625,39.9375,3.267578125,2.38671875,58.3125,5.0078125,0.81103515625,57.4375,11.9921875,0.135986328125,54.125
17146,09/27/2016 06:11:35.4596,,402,17,0,56,48,0,0,0,1,1028,3,15321,49,17054627,0,0,0.0,2.0,4630.0,0.0,0.0,0.0,0.0,0.0,65.0,52.3125,50.0,51.84375,39.9375,3.267578125,2.3984375,58.3125,5.0078125,0.81005859375,57.4375,11.9921875,0.142944335938,54.125
17147,09/27/2016 06:11:36.5537,,402,17,0,56,48,0,0,0,1,1028,3,15322,49,17055627,0,0,0.0,2.0,4630.0,0.0,0.0,0.0,0.0,0.0,64.75,52.65625,50.15625,51.90625,39.9375,3.267578125,2.38671875,58.3125,5.0078125,0.81103515625,57.4375,11.9921875,0.142944335938,54.125
17148,09/27/2016 06:11:37.4468,,402,17,0,56,48,0,0,0,1,1028,3,15323,49,17056627,0,0,0.0,2.0,4630.0,0.0,0.0,0.0,0.0,0.0,64.875,52.40625,50.0,51.875,39.9375,3.267578125,2.39453125,58.3125,5.0078125,0.81103515625,57.4375,11.9921875,0.134033203125,54.125
17149,09/27/2016 06:11:38.5469,,402,17,0,56,48,0,0,0,1,1028,3,15324,49,17057627,0,0,0.0,2.0,4630.0,0.0,0.0,0.0,0.0,0.0,65.0,52.625,50.28125,51.78125,39.9375,3.267578125,2.390625,58.3125,5.0078125,0.81103515625,57.5,11.9921875,0.142944335938,54.125
17150,09/27/2016 06:11:39.4380,,402,17,0,56,48,0,0,0,1,1028,3,15325,49,17058627,0,0,0.0,2.0,4630.0,0.0,0.0,0.0,0.0,0.0,64.875,52.71875,50.125,51.8125,39.9375,3.267578125,2.353515625,58.3125,5.0078125,0.81201171875,57.4375,11.9921875,0.136962890625,54.125
17151,09/27/2016 06:11:40.5491,,402,17,0,56,48,0,0,0,1,1028,3,15326,49,17059627,0,0,0.0,2.0,4630.0,0.0,0.0,0.0,0.0,0.0,64.8125,52.625,50.0,51.84375,39.9375,3.267578125,2.388671875,58.3125,5.0078125,0.81005859375,57.5,11.9921875,0.142944335938,54.125
17152,09/27/2016 06:11:41.4392,,402,17,0,56,48,0,0,0,1,1028,3,15327,49,17060627,0,0,0.0,2.0,4630.0,0.0,0.0,0.0,0.0,0.0,64.8125,52.75,50.1875,51.59375,39.9375,3.267578125,2.388671875,58.375,5.0078125,0.81201171875,57.4375,11.9921875,0.142944335938,54.125
17153,09/27/2016 06:11:42.5333,,402,17,0,56,48,0,0,0,1,1028,3,15328,49,17061627,0,0,0.0,2.0,4630.0,0.0,0.0,0.0,0.0,0.0,64.5,52.53125,50.125,51.65625,39.9375,3.267578125,2.39453125,58.3125,5.0078125,0.81103515625,57.5,11.9921875,0.134033203125,54.125
17154,09/27/2016 06:11:43.4484,,402,17,0,56,48,0,0,0,1,1028,3,15329,49,17062627,0,0,0.0,2.0,4630.0,0.0,0.0,0.0,0.0,0.0,65.1875,52.53125,50.0625,51.59375,39.9375,3.267578125,2.38671875,58.3125,5.0078125,0.81005859375,57.5,11.9921875,0.142944335938,54.125
17155,09/27/2016 06:11:44.5485,,402,17,0,56,48,0,0,0,1,1028,3,15330,49,17063627,0,0,0.0,2.0,4630.0,0.0,0.0,0.0,0.0,0.0,64.75,52.625,49.96875,51.625,39.9375,3.267578125,2.392578125,58.375,5.0078125,0.81103515625,57.5,11.9921875,0.139038085938,54.125
17156,09/27/2016 06:11:45.4416,,402,17,0,56,48,0,0,0,1,1028,3,15331,49,17064627,0,0,0.0,2.0,4630.0,0.0,0.0,0.0,0.0,0.0,64.875,52.59375,50.15625,51.625,39.9375,3.267578125,2.390625,58.3125,5.0078125,0.81103515625,57.5,11.9921875,0.142944335938,54.125
17157,09/27/2016 06:11:46.5457,,402,17,0,56,48,0,0,0,1,1028,3,15332,49,17065627,0,0,0.0,2.0,4630.0,0.0,0.0,0.0,0.0,0.0,64.8125,52.53125,50.0625,51.625,39.9375,3.267578125,2.390625,58.3125,5.0078125,0.81005859375,57.5,11.9921875,0.142944335938,54.125
17158,09/27/2016 06:11:47.4498,,402,17,0,56,48,0,0,0,1,1028,3,15333,49,17066627,0,0,0.0,2.0,4630.0,0.0,0.0,0.0,0.0,0.0,65.0,52.46875,50.21875,51.59375,39.9375,3.267578125,2.38671875,58.3125,5.0078125,0.81103515625,57.5,11.9921875,0.134033203125,54.125
17159,09/27/2016 06:11:48.5569,,402,17,0,56,48,0,0,0,1,1028,3,15334,49,17067627,0,0,0.0,2.0,4630.0,0.0,0.0,0.0,0.0,0.0,64.875,52.65625,50.1875,51.90625,39.9375,3.267578125,2.38671875,58.3125,5.0078125,0.81103515625,57.5,11.9921875,0.142944335938,54.125
17160,09/27/2016 06:11:49.4560,,402,17,0,56,48,0,0,0,1,1028,3,15335,49,17068627,0,0,0.0,2.0,4630.0,0.0,0.0,0.0,0.0,0.0,64.875,52.5,50.125,51.78125,39.9375,3.267578125,2.38671875,58.375,5.0078125,0.81005859375,57.5,11.9921875,0.140991210938,54.125
17161,09/27/2016 06:11:50.5651,,402,17,0,56,48,0,0,0,1,1028,3,15336,49,17069627,0,0,0.0,2.0,4630.0,0.0,0.0,0.0,0.0,0.0,64.6875,52.625,50.0,51.71875,39.9375,3.267578125,2.390625,58.3125,5.0078125,0.81103515625,57.5,11.9921875,0.142944335938,54.125
17162,09/27/2016 06:11:51.4542,,402,17,0,56,48,0,0,0,1,1028,3,15337,49,17070627,0,0,0.0,2.0,4630.0,0.0,0.0,0.0,0.0,0.0,64.6875,52.71875,49.90625,51.6875,39.9375,3.267578125,2.39453125,58.375,5.0078125,0.81103515625,57.5,11.9921875,0.142944335938,54.125
17163,09/27/2016 06:11:52.5793,,402,17,0,56,48,0,0,0,1,1028,3,15338,49,17071627,0,0,0.0,2.0,4630.0,0.0,0.0,0.0,0.0,0.0,64.6875,52.4375,50.03125,52.0,39.9375,3.267578125,2.38671875,58.3125,5.0078125,0.81103515625,57.5,11.9921875,0.134033203125,54.125
17164,09/27/2016 06:11:53.4854,,402,17,0,56,48,0,0,0,1,1028,3,15339,49,17072627,0,0,0.0,2.0,4630.0,0.0,0.0,0.0,0.0,0.0,64.6875,52.6875,50.1875,51.71875,39.9375,3.267578125,2.384765625,58.375,5.0078125,0.81103515625,57.5,11.9921875,0.142944335938,54.125
17165,09/27/2016 06:11:54.5955,,402,17,0,56,48,0,0,0,1,1028,3,15340,49,17073627,0,0,0.0,2.0,4630.0,0.0,0.0,0.0,0.0,0.0,64.875,52.71875,49.9375,51.625,39.9375,3.267578125,2.38671875,58.375,5.0078125,0.81103515625,57.5,11.9921875,0.142944335938,54.125
17166,09/27/2016 06:11:55.4526,[1553   ] SSD_RECORD ssd=1 par=1 skip=0,402,17,0,56,48,0,0,0,1,1026,3,1076,49,17074041,0,0,,,,,,,,,,,,,,,,,,,,,,
17167,09/27/2016 06:11:55.4616,ssd:1:1 - record partition...,402,17,0,56,48,0,0,0,1,1026,3,1077,49,17074042,0,0,,,,,,,,,,,,,,,,,,,,,,
17168,09/27/2016 06:11:55.4706,ssd:1:1 - recording: start,402,17,0,56,48,0,0,0,1,1026,3,1078,49,17074042,0,0,,,,,,,,,,,,,,,,,,,,,,
17169,09/27/2016 06:11:55.4796,[0000339] cmd:success [0x00000001],402,17,0,56,48,0,0,0,1,1026,3,1079,49,17074042,0,0,,,,,,,,,,,,,,,,,,,,,,
17170,09/27/2016 06:11:55.4886,,402,17,0,56,48,0,0,0,1,1028,3,15341,49,17074627,0,0,2.0,3.0,4636.0,0.0,0.0,0.0,0.0,0.0,64.75,52.53125,49.96875,51.875,39.9375,3.267578125,2.38671875,58.3125,5.00390625,0.86083984375,57.5,11.9921875,0.141967773438,54.125
17171,09/27/2016 06:11:56.5907,,402,17,0,56,48,0,0,0,1,1028,3,15342,49,17075627,0,0,2.0,3.0,4676.0,0.0,0.0,0.0,0.0,0.0,64.9375,52.53125,50.3125,51.9375,39.9375,3.267578125,2.3828125,58.3125,5.00390625,1.0517578125,57.5,11.9921875,0.142944335938,54.125
17172,09/27/2016 06:11:57.4548,ssd:1:1 - recording: file_0003    sector=47,402,17,0,56,48,0,0,0,1,1026,3,1080,49,17076178,0,0,,,,,,,,,,,,,,,,,,,,,,
17173,09/27/2016 06:11:57.5008,,402,17,0,56,48,0,0,0,1,1028,3,15343,49,17076627,0,0,2.0,3.0,4718.0,0.0,0.0,0.0,0.0,0.0,64.875,52.4375,50.09375,51.84375,39.9375,3.271484375,2.3046875,58.375,5.00390625,1.0517578125,57.5,11.9921875,0.134033203125,54.125
17174,09/27/2016 06:11:58.3939,,402,17,0,56,48,0,0,0,1,1028,3,15344,49,17077627,0,0,2.0,3.0,4756.0,0.0,0.0,0.0,0.0,0.0,64.4375,52.71875,50.15625,51.6875,39.9375,3.267578125,2.39453125,58.375,5.00390625,1.052734375,57.5,11.9921875,0.142944335938,54.125
17175,09/27/2016 06:11:59.5020,,402,17,0,56,48,0,0,0,1,1028,3,15345,49,17078627,0,0,2.0,3.0,4796.0,0.0,0.0,0.0,0.0,0.0,64.75,52.625,50.125,51.90625,39.9375,3.267578125,2.390625,58.3125,5.00390625,1.052734375,57.5,11.9921875,0.142944335938,54.125
17176,09/27/2016 06:12:00.4021,,402,17,0,56,48,0,0,0,1,1028,3,15346,49,17079627,0,0,2.0,3.0,4836.0,0.0,0.0,0.0,0.0,0.0,64.5,52.5,50.09375,51.53125,39.9375,3.267578125,2.388671875,58.375,5.00390625,1.052734375,57.5,11.9921875,0.142944335938,54.125
17177,09/27/2016 06:12:01.5002,,402,17,0,56,48,0,0,0,1,1028,3,15347,49,17080627,0,0,2.0,3.0,4876.0,0.0,0.0,0.0,0.0,0.0,64.75,52.53125,50.0,51.84375,39.9375,3.267578125,2.388671875,58.3125,5.00390625,1.052734375,57.5,11.9921875,0.142944335938,54.125
17178,09/27/2016 06:12:02.3573,ssd:1:1 - recording: file_0003    sector=49,402,17,0,56,48,0,0,0,1,1026,3,1081,49,17081179,0,0,,,,,,,,,,,,,,,,,,,,,,
17179,09/27/2016 06:12:02.3953,,402,17,0,56,48,0,0,0,1,1028,3,15348,49,17081627,0,0,2.0,3.0,4918.0,0.0,0.0,0.0,0.0,0.0,64.625,52.5625,50.0,51.6875,39.9375,3.267578125,2.384765625,58.375,5.00390625,1.0517578125,57.5625,11.9921875,0.134033203125,54.125
17180,09/27/2016 06:12:03.4994,,402,17,0,56,48,0,0,0,1,1028,3,15349,49,17082627,0,0,2.0,3.0,4956.0,0.0,0.0,0.0,0.0,0.0,64.8125,52.625,50.09375,51.84375,39.9375,3.267578125,2.38671875,58.375,5.00390625,1.052734375,57.5625,11.9921875,0.142944335938,54.125
17181,09/27/2016 06:12:04.3925,,402,17,0,56,48,0,0,0,1,1028,3,15350,49,17083627,0,0,2.0,3.0,4996.0,0.0,0.0,0.0,0.0,0.0,64.5625,52.625,50.03125,51.875,39.9375,3.267578125,2.38671875,58.375,5.00390625,1.052734375,57.5625,11.9921875,0.142944335938,54.125
17182,09/27/2016 06:12:05.5126,,402,17,0,56,48,0,0,0,1,1028,3,15351,49,17084627,0,0,2.0,3.0,5036.0,0.0,0.0,0.0,0.0,0.0,64.8125,52.3125,50.03125,51.6875,39.9375,3.267578125,2.396484375,58.375,5.00390625,1.0537109375,57.5625,11.9921875,0.142944335938,54.125
17183,09/27/2016 06:12:06.4057,,402,17,0,56,48,0,0,0,1,1028,3,15352,49,17085627,0,0,2.0,3.0,5076.0,0.0,0.0,0.0,0.0,0.0,65.0625,52.84375,50.21875,51.75,39.9375,3.267578125,2.38671875,58.375,5.00390625,1.0537109375,57.5625,11.9921875,0.142944335938,54.125
17184,09/27/2016 06:12:07.4718,ssd:1:1 - recording: file_0003    sector=51,402,17,0,56,48,0,0,0,1,1026,3,1082,49,17086178,0,0,,,,,,,,,,,,,,,,,,,,,,
17185,09/27/2016 06:12:07.5058,,402,17,0,56,48,0,0,0,1,1028,3,15353,49,17086627,0,0,2.0,3.0,5118.0,0.0,0.0,0.0,0.0,0.0,65.0,52.78125,50.15625,51.875,39.9375,3.267578125,2.390625,58.375,5.00390625,1.0537109375,57.625,11.9921875,0.134033203125,54.125
17186,09/27/2016 06:12:08.4229,,402,17,0,56,48,0,0,0,1,1028,3,15354,49,17087627,0,0,2.0,3.0,5156.0,0.0,0.0,0.0,0.0,0.0,64.875,52.59375,50.03125,51.90625,39.9375,3.267578125,2.388671875,58.375,5.00390625,1.0537109375,57.625,11.9921875,0.142944335938,54.125
17187,09/27/2016 06:12:09.5170,,402,17,0,56,48,0,0,0,1,1028,3,15355,49,17088627,0,0,2.0,3.0,5196.0,0.0,0.0,0.0,0.0,0.0,64.8125,52.78125,50.0625,51.71875,39.9375,3.267578125,2.388671875,58.375,5.00390625,1.0537109375,57.625,11.9921875,0.142944335938,54.125
17188,09/27/2016 06:12:10.4151,,402,17,0,56,48,0,0,0,1,1028,3,15356,49,17089627,0,0,2.0,3.0,5236.0,0.0,0.0,0.0,0.0,0.0,65.0625,52.625,49.9375,51.8125,39.9375,3.267578125,2.384765625,58.375,5.00390625,1.0537109375,57.625,11.9921875,0.142944335938,54.125
17189,09/27/2016 06:12:11.5152,,402,17,0,56,48,0,0,0,1,1028,3,15357,49,17090627,0,0,2.0,3.0,5276.0,0.0,0.0,0.0,0.0,0.0,64.625,52.5,50.21875,51.78125,39.9375,3.267578125,2.384765625,58.375,5.00390625,1.0546875,57.625,11.9921875,0.142944335938,54.125
17190,09/27/2016 06:12:12.3793,ssd:1:1 - recording: file_0003    sector=53,402,17,0,56,48,0,0,0,1,1026,3,1083,49,17091179,0,0,,,,,,,,,,,,,,,,,,,,,,
17191,09/27/2016 06:12:12.4153,,402,17,0,56,48,0,0,0,1,1028,3,15358,49,17091627,0,0,2.0,3.0,5318.0,0.0,0.0,0.0,0.0,0.0,65.0,52.6875,50.09375,51.875,39.9375,3.267578125,2.39453125,58.375,5.00390625,1.068359375,57.625,11.9921875,0.134033203125,54.125
17192,09/27/2016 06:12:13.5224,,402,17,0,56,48,0,0,0,1,1028,3,15359,49,17092627,0,0,2.0,3.0,5356.0,0.0,0.0,0.0,0.0,0.0,65.0,52.59375,50.0,52.0,39.9375,3.267578125,2.384765625,58.375,5.00390625,1.0537109375,57.625,11.9921875,0.142944335938,54.125
17193,09/27/2016 06:12:14.4215,,402,17,0,56,48,0,0,0,1,1028,3,15360,49,17093627,0,0,2.0,3.0,5396.0,0.0,0.0,0.0,0.0,0.0,65.125,52.625,50.03125,51.8125,39.9375,3.267578125,2.392578125,58.375,5.00390625,1.0546875,57.625,11.9921875,0.142944335938,54.125
17194,09/27/2016 06:12:15.5176,,402,17,0,56,48,0,0,0,1,1028,3,15361,49,17094627,0,0,2.0,3.0,5436.0,0.0,0.0,0.0,0.0,0.0,64.9375,52.5,49.875,51.875,39.9375,3.267578125,2.388671875,58.375,5.00390625,1.0546875,57.625,11.9921875,0.142944335938,54.125
17195,09/27/2016 06:12:16.4077,,402,17,0,56,48,0,0,0,1,1028,3,15362,49,17095627,0,0,2.0,3.0,5476.0,0.0,0.0,0.0,0.0,0.0,64.9375,52.625,50.0625,51.71875,39.9375,3.267578125,2.388671875,58.375,5.00390625,1.0546875,57.6875,11.9921875,0.142944335938,54.125
17196,09/27/2016 06:12:17.4738,ssd:1:1 - recording: file_0003    sector=55,402,17,0,56,48,0,0,0,1,1026,3,1084,49,17096178,0,0,,,,,,,,,,,,,,,,,,,,,,
17197,09/27/2016 06:12:17.5088,,402,17,0,56,48,0,0,0,1,1028,3,15363,49,17096627,0,0,2.0,3.0,5518.0,0.0,0.0,0.0,0.0,0.0,64.8125,52.53125,49.90625,52.125,39.9375,3.267578125,2.40234375,58.375,5.00390625,1.0546875,57.6875,11.9921875,0.134033203125,54.125
17198,09/27/2016 06:12:18.4069,,402,17,0,56,48,0,0,0,1,1028,3,15364,49,17097627,0,0,2.0,3.0,5556.0,0.0,0.0,0.0,0.0,0.0,65.25,52.65625,50.15625,51.84375,39.9375,3.267578125,2.38671875,58.375,5.00390625,1.0546875,57.6875,11.9921875,0.142944335938,54.125
17199,09/27/2016 06:12:19.4990,,402,17,0,56,48,0,0,0,1,1028,3,15365,49,17098627,0,0,2.0,3.0,5596.0,0.0,0.0,0.0,0.0,0.0,65.3125,52.53125,49.875,51.84375,39.9375,3.267578125,2.3984375,58.375,5.00390625,1.0546875,57.6875,11.9921875,0.142944335938,54.125
17200,09/27/2016 06:12:20.4241,[1553   ] SSD_STOP ssd=1 par=1,402,17,0,56,48,0,0,0,1,1026,3,1085,49,17099541,0,0,,,,,,,,,,,,,,,,,,,,,,
17201,09/27/2016 06:12:20.4331,ssd:1:1 - stopping partition...,402,17,0,56,48,0,0,0,1,1026,3,1086,49,17099543,0,0,,,,,,,,,,,,,,,,,,,,,,
17202,09/27/2016 06:12:20.4421,ssd:1:1 - stopping partition...,402,17,0,56,48,0,0,0,1,1026,3,1086,49,17099543,0,0,,,,,,,,,,,,,,,,,,,,,,
17203,09/27/2016 06:12:20.4521,ssd:1:1 - stopping partition...,402,17,0,56,48,0,0,0,1,1026,3,1086,49,17099543,0,0,,,,,,,,,,,,,,,,,,,,,,
17204,09/27/2016 06:12:21.4622,[0000340] cmd:success [0x00000001],402,17,0,56,48,0,0,0,1,1026,3,1087,49,17099544,0,0,,,,,,,,,,,,,,,,,,,,,,
17205,09/27/2016 06:12:21.4722,ssd:1:1 - stopping partition... done,402,17,0,56,48,0,0,0,1,1026,3,1088,49,17099592,0,0,,,,,,,,,,,,,,,,,,,,,,
17206,09/27/2016 06:12:21.5252,,402,17,0,56,48,0,0,0,1,1028,3,15366,49,17100627,0,0,0.0,3.0,5650.0,0.0,0.0,0.0,0.0,0.0,65.0,52.875,49.84375,51.59375,39.9375,3.267578125,2.392578125,58.375,5.0078125,0.81298828125,57.6875,11.9921875,0.142944335938,54.125
17207,09/27/2016 06:12:22.4133,,402,17,0,56,48,0,0,0,1,1028,3,15367,49,17101627,0,0,0.0,3.0,5650.0,0.0,0.0,0.0,0.0,0.0,64.875,52.46875,49.875,51.8125,39.9375,3.267578125,2.390625,58.375,5.0078125,0.81396484375,57.75,11.9921875,0.134033203125,54.1875
17208,09/27/2016 06:12:23.5054,,402,17,0,56,48,0,0,0,1,1028,3,15368,49,17102627,0,0,0.0,3.0,5650.0,0.0,0.0,0.0,0.0,0.0,64.8125,52.5625,50.0625,52.03125,39.9375,3.267578125,2.384765625,58.4375,5.0078125,0.81298828125,57.75,11.9921875,0.142944335938,54.125
17209,09/27/2016 06:12:24.4125,,402,17,0,56,48,0,0,0,1,1028,3,15369,49,17103627,0,0,0.0,3.0,5650.0,0.0,0.0,0.0,0.0,0.0,64.4375,52.28125,49.96875,51.90625,39.9375,3.267578125,2.38671875,58.375,5.0078125,0.81201171875,57.75,11.9921875,0.142944335938,54.125
17210,09/27/2016 06:12:25.5086,,402,17,0,56,48,0,0,0,1,1028,3,15370,49,17104627,0,0,0.0,3.0,5650.0,0.0,0.0,0.0,0.0,0.0,64.5625,52.5625,49.96875,51.78125,39.9375,3.267578125,2.3828125,58.4375,5.0078125,0.81298828125,57.75,11.9921875,0.142944335938,54.125
17211,09/27/2016 06:12:26.4177,,402,17,0,56,48,0,0,0,1,1028,3,15371,49,17105627,0,0,0.0,3.0,5650.0,0.0,0.0,0.0,0.0,0.0,65.0,52.75,49.875,51.875,39.9375,3.267578125,2.38671875,58.4375,5.0078125,0.81298828125,57.75,11.9921875,0.142944335938,54.125
17212,09/27/2016 06:12:27.5098,,402,17,0,56,48,0,0,0,1,1028,3,15372,49,17106627,0,0,0.0,3.0,5650.0,0.0,0.0,0.0,0.0,0.0,64.6875,52.53125,50.0625,51.96875,39.9375,3.267578125,2.38671875,58.4375,5.0078125,0.81201171875,57.75,11.9921875,0.134033203125,54.125
17213,09/27/2016 06:12:28.4109,,402,17,0,56,48,0,0,0,1,1028,3,15373,49,17107627,0,0,0.0,3.0,5650.0,0.0,0.0,0.0,0.0,0.0,64.9375,52.46875,50.0625,51.78125,39.9375,3.267578125,2.392578125,58.375,5.0078125,0.81298828125,57.75,11.9921875,0.142944335938,54.125
17214,09/27/2016 06:12:29.5110,,402,17,0,56,48,0,0,0,1,1028,3,15374,49,17108627,0,0,0.0,3.0,5650.0,0.0,0.0,0.0,0.0,0.0,64.8125,52.65625,49.875,51.6875,39.9375,3.267578125,2.38671875,58.375,5.0078125,0.81298828125,57.6875,11.9921875,0.142944335938,54.125
17215,09/27/2016 06:12:30.4011,,402,17,0,56,48,0,0,0,1,1028,3,15375,49,17109627,0,0,0.0,3.0,5650.0,0.0,0.0,0.0,0.0,0.0,64.6875,52.5625,49.96875,51.875,39.9375,3.267578125,2.38671875,58.375,5.0078125,0.81201171875,57.75,11.9921875,0.142944335938,54.125
17216,09/27/2016 06:12:31.5142,,402,17,0,56,48,0,0,0,1,1028,3,15376,49,17110627,0,0,0.0,3.0,5650.0,0.0,0.0,0.0,0.0,0.0,65.1875,52.5625,49.875,51.65625,39.9375,3.267578125,2.38671875,58.4375,5.0078125,0.81298828125,57.75,11.9921875,0.142944335938,54.125
17217,09/27/2016 06:12:32.4163,,402,17,0,56,48,0,0,0,1,1028,3,15377,49,17111627,0,0,0.0,3.0,5650.0,0.0,0.0,0.0,0.0,0.0,64.6875,52.46875,50.0,51.65625,39.9375,3.267578125,2.384765625,58.4375,5.0078125,0.81298828125,57.75,11.9921875,0.134033203125,54.1875
17218,09/27/2016 06:12:33.5184,,402,17,0,56,48,0,0,0,1,1028,3,15378,49,17112627,0,0,0.0,3.0,5650.0,0.0,0.0,0.0,0.0,0.0,65.0,52.6875,49.78125,51.78125,39.9375,3.267578125,2.388671875,58.4375,5.0078125,0.81201171875,57.75,11.9921875,0.142944335938,54.125
17219,09/27/2016 06:12:34.4115,,402,17,0,56,48,0,0,0,1,1028,3,15379,49,17113627,0,0,0.0,3.0,5650.0,0.0,0.0,0.0,0.0,0.0,64.3125,52.5625,50.0,51.9375,39.9375,3.267578125,2.384765625,58.4375,5.0078125,0.81298828125,57.75,11.9921875,0.142944335938,54.1875
17220,09/27/2016 06:12:35.5326,,402,17,0,56,48,0,0,0,1,1028,3,15380,49,17114627,0,0,0.0,3.0,5650.0,0.0,0.0,0.0,0.0,0.0,64.9375,52.625,49.9375,51.625,39.9375,3.267578125,2.39453125,58.4375,5.0078125,0.81298828125,57.75,11.9921875,0.142944335938,54.125
17221,09/27/2016 06:12:36.4277,,402,17,0,56,48,0,0,0,1,1028,3,15381,49,17115627,0,0,0.0,3.0,5650.0,0.0,0.0,0.0,0.0,0.0,64.75,52.5625,50.09375,51.875,39.9375,3.271484375,2.380859375,58.4375,5.0078125,0.81201171875,57.75,11.9921875,0.142944335938,54.125
17222,09/27/2016 06:12:37.5198,,402,17,0,56,48,0,0,0,1,1028,3,15382,49,17116627,0,0,0.0,3.0,5650.0,0.0,0.0,0.0,0.0,0.0,64.8125,52.65625,50.03125,51.75,39.9375,3.267578125,2.38671875,58.4375,5.0078125,0.81298828125,57.75,11.9921875,0.134033203125,54.1875
17223,09/27/2016 06:12:38.4319,,402,17,0,56,48,0,0,0,1,1028,3,15383,49,17117627,0,0,0.0,3.0,5650.0,0.0,0.0,0.0,0.0,0.0,65.0625,52.5625,50.0,51.875,39.9375,3.267578125,2.384765625,58.4375,5.0078125,0.81201171875,57.75,11.9921875,0.142944335938,54.1875
17224,09/27/2016 06:12:39.5240,,402,17,0,56,48,0,0,0,1,1028,3,15384,49,17118627,0,0,0.0,3.0,5650.0,0.0,0.0,0.0,0.0,0.0,64.875,52.53125,49.71875,51.71875,39.9375,3.267578125,2.38671875,58.4375,5.0078125,0.81298828125,57.75,11.9921875,0.142944335938,54.1875
17225,09/27/2016 06:12:40.4151,,402,17,0,56,48,0,0,0,1,1028,3,15385,49,17119627,0,0,0.0,3.0,5650.0,0.0,0.0,0.0,0.0,0.0,64.9375,52.5625,49.875,51.78125,39.9375,3.267578125,2.384765625,58.4375,5.0078125,0.81298828125,57.75,11.9921875,0.142944335938,54.1875
17226,09/27/2016 06:12:41.5182,,402,17,0,56,48,0,0,0,1,1028,3,15386,49,17120627,0,0,0.0,3.0,5650.0,0.0,0.0,0.0,0.0,0.0,65.375,52.65625,49.84375,51.8125,39.9375,3.267578125,2.390625,58.4375,5.0078125,0.81201171875,57.75,11.9921875,0.142944335938,54.1875
17227,09/27/2016 06:12:42.4053,,402,17,0,56,48,0,0,0,1,1028,3,15387,49,17121627,0,0,0.0,3.0,5650.0,0.0,0.0,0.0,0.0,0.0,64.625,52.59375,49.9375,51.90625,39.9375,3.267578125,2.39453125,58.4375,5.0078125,0.81298828125,57.75,11.9921875,0.134033203125,54.1875
17228,09/27/2016 06:12:43.4974,,402,17,0,56,48,0,0,0,1,1028,3,15388,49,17122627,0,0,0.0,3.0,5650.0,0.0,0.0,0.0,0.0,0.0,64.875,52.53125,50.15625,51.71875,39.9375,3.267578125,2.388671875,58.4375,5.0078125,0.81298828125,57.75,11.9921875,0.142944335938,54.1875
17229,09/27/2016 06:12:44.4025,,402,17,0,56,48,0,0,0,1,1028,3,15389,49,17123627,0,0,0.0,3.0,5650.0,0.0,0.0,0.0,0.0,0.0,64.625,52.71875,49.9375,52.0,39.9375,3.267578125,2.390625,58.4375,5.0078125,0.81201171875,57.6875,11.9921875,0.142944335938,54.1875
17230,09/27/2016 06:12:45.5026,,402,17,0,56,48,0,0,0,1,1028,3,15390,49,17124627,0,0,0.0,3.0,5650.0,0.0,0.0,0.0,0.0,0.0,64.6875,52.375,49.875,51.78125,39.9375,3.267578125,2.38671875,58.4375,5.0078125,0.81298828125,57.75,11.9921875,0.142944335938,54.1875
17231,09/27/2016 06:12:46.3977,,402,17,0,56,48,0,0,0,1,1028,3,15391,49,17125627,0,0,0.0,3.0,5650.0,0.0,0.0,0.0,0.0,0.0,65.0,52.59375,50.1875,51.59375,39.9375,3.267578125,2.384765625,58.4375,5.0078125,0.81298828125,57.75,11.9921875,0.142944335938,54.1875
17232,09/27/2016 06:12:47.5018,,402,17,0,56,48,0,0,0,1,1028,3,15392,49,17126627,0,0,0.0,3.0,5650.0,0.0,0.0,0.0,0.0,0.0,64.875,52.53125,50.03125,51.84375,39.9375,3.267578125,2.384765625,58.4375,5.0078125,0.81201171875,57.6875,11.9921875,0.134033203125,54.1875
17233,09/27/2016 06:12:48.4049,,402,17,0,56,48,0,0,0,1,1028,3,15393,49,17127627,0,0,0.0,3.0,5650.0,0.0,0.0,0.0,0.0,0.0,65.0,52.46875,50.3125,52.0625,39.9375,3.271484375,2.287109375,58.4375,5.0078125,0.81201171875,57.75,11.9921875,0.142944335938,54.1875
17234,09/27/2016 06:12:49.5170,,402,17,0,56,48,0,0,0,1,1028,3,15394,49,17128627,0,0,0.0,3.0,5650.0,0.0,0.0,0.0,0.0,0.0,64.75,52.65625,50.1875,51.84375,39.9375,3.267578125,2.3984375,58.4375,5.0078125,0.81201171875,57.75,11.9921875,0.142944335938,54.1875
17235,09/27/2016 06:12:50.4261,,402,17,0,56,48,0,0,0,1,1028,3,15395,49,17129627,0,0,0.0,3.0,5650.0,0.0,0.0,0.0,0.0,0.0,65.0,52.5625,49.90625,51.875,39.9375,3.267578125,2.38671875,58.4375,5.0078125,0.81201171875,57.75,11.9921875,0.142944335938,54.1875
17236,09/27/2016 06:12:51.5242,,402,17,0,56,48,0,0,0,1,1028,3,15396,49,17130627,0,0,0.0,3.0,5650.0,0.0,0.0,0.0,0.0,0.0,65.125,52.5,50.03125,51.9375,39.9375,3.267578125,2.388671875,58.4375,5.0078125,0.81201171875,57.6875,11.9921875,0.142944335938,54.1875
17237,09/27/2016 06:12:52.4183,,402,17,0,56,48,0,0,0,1,1028,3,15397,49,17131627,0,0,0.0,3.0,5650.0,0.0,0.0,0.0,0.0,0.0,64.8125,52.5625,50.03125,51.59375,39.9375,3.267578125,2.38671875,58.4375,5.0078125,0.81298828125,57.6875,11.9921875,0.134033203125,54.1875
17238,09/27/2016 06:12:53.5254,,402,17,0,56,48,0,0,0,1,1028,3,15398,49,17132627,0,0,0.0,3.0,5650.0,0.0,0.0,0.0,0.0,0.0,65.0,52.71875,50.0625,51.65625,39.9375,3.267578125,2.38671875,58.4375,5.0078125,0.81298828125,57.6875,11.9921875,0.142944335938,54.1875
17239,09/27/2016 06:12:54.4345,,402,17,0,56,48,0,0,0,1,1028,3,15399,49,17133627,0,0,0.0,3.0,5650.0,0.0,0.0,0.0,0.0,0.0,64.875,52.59375,49.96875,51.875,39.9375,3.267578125,2.390625,58.4375,5.0078125,0.81298828125,57.6875,11.9921875,0.142944335938,54.1875
17240,09/27/2016 06:12:55.5456,,402,17,0,56,48,0,0,0,1,1028,3,15400,49,17134627,0,0,0.0,3.0,5650.0,0.0,0.0,0.0,0.0,0.0,64.9375,52.53125,50.03125,51.78125,39.9375,3.267578125,2.38671875,58.4375,5.0078125,0.81201171875,57.6875,11.9921875,0.142944335938,54.1875
17241,09/27/2016 06:12:56.4357,,402,17,0,56,48,0,0,0,1,1028,3,15401,49,17135627,0,0,0.0,3.0,5650.0,0.0,0.0,0.0,0.0,0.0,64.6875,52.5,50.0,51.71875,39.9375,3.267578125,2.396484375,58.4375,5.0078125,0.81201171875,57.6875,11.9921875,0.142944335938,54.1875
17242,09/27/2016 06:12:57.5418,,402,17,0,56,48,0,0,0,1,1028,3,15402,49,17136627,0,0,0.0,3.0,5650.0,0.0,0.0,0.0,0.0,0.0,64.625,52.5,49.96875,51.78125,39.9375,3.271484375,2.38671875,58.4375,5.0078125,0.81201171875,57.75,11.9921875,0.134033203125,54.1875
17243,09/27/2016 06:12:58.4459,,402,17,0,56,48,0,0,0,1,1028,3,15403,49,17137627,0,0,0.0,3.0,5650.0,0.0,0.0,0.0,0.0,0.0,64.75,52.5,50.03125,51.75,39.9375,3.267578125,2.396484375,58.4375,5.0078125,0.81201171875,57.6875,11.9921875,0.142944335938,54.1875
17244,09/27/2016 06:12:59.5400,,402,17,0,56,48,0,0,0,1,1028,3,15404,49,17138627,0,0,0.0,3.0,5650.0,0.0,0.0,0.0,0.0,0.0,65.0,52.53125,50.15625,51.625,39.9375,3.267578125,2.388671875,58.4375,5.0078125,0.81201171875,57.6875,11.9921875,0.142944335938,54.1875
17245,09/27/2016 06:13:00.4461,,402,17,0,56,48,0,0,0,1,1028,3,15405,49,17139627,0,0,0.0,3.0,5650.0,0.0,0.0,0.0,0.0,0.0,64.8125,52.46875,50.0,51.78125,39.9375,3.267578125,2.388671875,58.4375,5.0078125,0.81298828125,57.6875,11.9921875,0.142944335938,54.1875
17246,09/27/2016 06:13:01.5472,,402,17,0,56,48,0,0,0,1,1028,3,15406,49,17140627,0,0,0.0,3.0,5650.0,0.0,0.0,0.0,0.0,0.0,64.875,52.40625,50.0,51.875,39.9375,3.267578125,2.384765625,58.4375,5.0078125,0.81298828125,57.6875,11.9921875,0.142944335938,54.1875
17247,09/27/2016 06:13:02.4443,,402,17,0,56,48,0,0,0,1,1028,3,15407,49,17141627,0,0,0.0,3.0,5650.0,0.0,0.0,0.0,0.0,0.0,64.75,52.59375,50.25,51.90625,39.9375,3.267578125,2.384765625,58.4375,5.0078125,0.81201171875,57.6875,11.9921875,0.134033203125,54.1875
17248,09/27/2016 06:13:03.5564,,402,17,0,56,48,0,0,0,1,1028,3,15408,49,17142627,0,0,0.0,3.0,5650.0,0.0,0.0,0.0,0.0,0.0,64.6875,52.75,49.9375,51.6875,39.9375,3.267578125,2.384765625,58.4375,5.0078125,0.81298828125,57.6875,11.9921875,0.142944335938,54.1875
17249,09/27/2016 06:13:04.4685,,402,17,0,56,48,0,0,0,1,1028,3,15409,49,17143627,0,0,0.0,3.0,5650.0,0.0,0.0,0.0,0.0,0.0,64.75,52.78125,49.9375,51.875,39.9375,3.267578125,2.384765625,58.4375,5.0078125,0.81201171875,57.6875,11.9921875,0.142944335938,54.1875
17250,09/27/2016 06:13:05.5776,,402,17,0,56,48,0,0,0,1,1028,3,15410,49,17144627,0,0,0.0,3.0,5650.0,0.0,0.0,0.0,0.0,0.0,64.6875,52.53125,50.21875,51.9375,39.9375,3.267578125,2.392578125,58.4375,5.0078125,0.81201171875,57.6875,11.9921875,0.142944335938,54.1875
17251,09/27/2016 06:13:06.4807,,402,17,0,56,48,0,0,0,1,1028,3,15411,49,17145627,0,0,0.0,3.0,5650.0,0.0,0.0,0.0,0.0,0.0,65.125,52.65625,49.9375,51.96875,39.9375,3.267578125,2.388671875,58.4375,5.0078125,0.81298828125,57.6875,11.9921875,0.142944335938,54.1875
17252,09/27/2016 06:13:07.5748,,402,17,0,56,48,0,0,0,1,1028,3,15412,49,17146627,0,0,0.0,3.0,5650.0,0.0,0.0,0.0,0.0,0.0,64.8125,52.34375,49.90625,51.875,39.9375,3.267578125,2.38671875,58.4375,5.0078125,0.81201171875,57.6875,11.9921875,0.134033203125,54.1875
17253,09/27/2016 06:13:08.4869,,402,17,0,56,48,0,0,0,1,1028,3,15413,49,17147627,0,0,0.0,3.0,5650.0,0.0,0.0,0.0,0.0,0.0,65.1875,52.5,49.96875,51.75,39.9375,3.267578125,2.384765625,58.4375,5.0078125,0.81201171875,57.6875,11.9921875,0.142944335938,54.1875
17254,09/27/2016 06:13:09.5890,,402,17,0,56,48,0,0,0,1,1028,3,15414,49,17148627,0,0,0.0,3.0,5650.0,0.0,0.0,0.0,0.0,0.0,64.6875,52.40625,49.96875,51.65625,39.9375,3.267578125,2.38671875,58.4375,5.0078125,0.81201171875,57.6875,11.9921875,0.142944335938,54.1875
17255,09/27/2016 06:13:10.4801,,402,17,0,56,48,0,0,0,1,1028,3,15415,49,17149627,0,0,0.0,3.0,5650.0,0.0,0.0,0.0,0.0,0.0,65.0,52.40625,49.96875,51.78125,39.9375,3.267578125,2.32421875,58.4375,5.0078125,0.81201171875,57.6875,11.9921875,0.142944335938,54.1875
17256,09/27/2016 06:13:11.3932,,402,17,0,56,48,0,0,0,1,1028,3,15416,49,17150627,0,0,0.0,3.0,5650.0,0.0,0.0,0.0,0.0,0.0,64.875,52.6875,50.03125,51.65625,39.9375,3.267578125,2.38671875,58.4375,5.0078125,0.81201171875,57.6875,11.9921875,0.142944335938,54.1875
17257,09/27/2016 06:13:12.4913,,402,17,0,56,48,0,0,0,1,1028,3,15417,49,17151627,0,0,0.0,3.0,5650.0,0.0,0.0,0.0,0.0,0.0,64.625,52.6875,50.09375,51.9375,39.9375,3.267578125,2.39453125,58.4375,5.0078125,0.81201171875,57.6875,11.9921875,0.134033203125,54.1875
17258,09/27/2016 06:13:13.5864,,402,17,0,56,48,0,0,0,1,1028,3,15418,49,17152627,0,0,0.0,3.0,5650.0,0.0,0.0,0.0,0.0,0.0,64.875,52.53125,49.96875,51.84375,39.9375,3.267578125,2.388671875,58.4375,5.0078125,0.81201171875,57.6875,11.9921875,0.142944335938,54.1875
17259,09/27/2016 06:13:14.5045,,402,17,0,56,48,0,0,0,1,1028,3,15419,49,17153627,0,0,0.0,3.0,5650.0,0.0,0.0,0.0,0.0,0.0,64.625,52.46875,50.09375,51.875,39.9375,3.267578125,2.38671875,58.4375,5.0078125,0.81201171875,57.6875,11.9921875,0.142944335938,54.1875
17260,09/27/2016 06:13:15.4046,,402,17,0,56,48,0,0,0,1,1028,3,15420,49,17154627,0,0,0.0,3.0,5650.0,0.0,0.0,0.0,0.0,0.0,65.0625,52.53125,50.0,52.0,39.9375,3.267578125,2.3828125,58.4375,5.0078125,0.81201171875,57.6875,11.9921875,0.142944335938,54.1875
17261,09/27/2016 06:13:16.4937,,402,17,0,56,48,0,0,0,1,1028,3,15421,49,17155627,0,0,0.0,3.0,5650.0,0.0,0.0,0.0,0.0,0.0,64.8125,52.5,50.0625,52.03125,39.9375,3.267578125,2.38671875,58.4375,5.0078125,0.81201171875,57.6875,11.9921875,0.142944335938,54.1875
17262,09/27/2016 06:13:17.3948,,402,17,0,56,48,0,0,0,1,1028,3,15422,49,17156627,0,0,0.0,3.0,5650.0,0.0,0.0,0.0,0.0,0.0,64.875,52.6875,50.125,51.875,39.9375,3.267578125,2.3828125,58.5,5.0078125,0.81298828125,57.6875,11.9921875,0.134033203125,54.1875
17263,09/27/2016 06:13:18.4959,,402,17,0,56,48,0,0,0,1,1028,3,15423,49,17157627,0,0,0.0,3.0,5650.0,0.0,0.0,0.0,0.0,0.0,64.875,52.625,50.09375,51.875,39.9375,3.267578125,2.38671875,58.4375,5.0078125,0.81201171875,57.6875,11.9921875,0.142944335938,54.1875
17264,09/27/2016 06:13:19.5920,,402,17,0,56,48,0,0,0,1,1028,3,15424,49,17158627,0,0,0.0,3.0,5650.0,0.0,0.0,0.0,0.0,0.0,65.1875,52.46875,50.15625,52.0,39.9375,3.267578125,2.3984375,58.5,5.0078125,0.81201171875,57.6875,11.9921875,0.142944335938,54.1875
17265,09/27/2016 06:13:20.5031,,402,17,0,56,48,0,0,0,1,1028,3,15425,49,17159627,0,0,0.0,3.0,5650.0,0.0,0.0,0.0,0.0,0.0,64.6875,52.40625,50.0625,51.875,39.9375,3.267578125,2.373046875,58.4375,5.0078125,0.81201171875,57.6875,11.9921875,0.142944335938,54.1875
17266,09/27/2016 06:13:21.4032,,402,17,0,56,48,0,0,0,1,1028,3,15426,49,17160627,0,0,0.0,3.0,5650.0,0.0,0.0,0.0,0.0,0.0,64.375,52.65625,50.1875,51.84375,39.9375,3.267578125,2.390625,58.4375,5.0078125,0.81201171875,57.6875,11.9921875,0.142944335938,54.1875
17267,09/27/2016 06:13:22.4943,,402,17,0,56,48,0,0,0,1,1028,3,15427,49,17161627,0,0,0.0,3.0,5650.0,0.0,0.0,0.0,0.0,0.0,65.3125,52.5,50.15625,51.875,39.9375,3.267578125,2.38671875,58.5,5.0078125,0.81201171875,57.6875,11.9921875,0.134033203125,54.1875
17268,09/27/2016 06:13:23.4054,,402,17,0,56,48,0,0,0,1,1028,3,15428,49,17162627,0,0,0.0,3.0,5650.0,0.0,0.0,0.0,0.0,0.0,64.9375,52.59375,50.0,51.84375,39.9375,3.267578125,2.388671875,58.5,5.0078125,0.81201171875,57.6875,11.9921875,0.142944335938,54.1875
17269,09/27/2016 06:13:24.5105,,402,17,0,56,48,0,0,0,1,1028,3,15429,49,17163627,0,0,0.0,3.0,5650.0,0.0,0.0,0.0,0.0,0.0,65.0625,52.65625,49.96875,51.9375,39.9375,3.267578125,2.384765625,58.4375,5.0078125,0.81201171875,57.6875,11.9921875,0.142944335938,54.1875
17270,09/27/2016 06:13:25.4156,,402,17,0,56,48,0,0,0,1,1028,3,15430,49,17164627,0,0,0.0,3.0,5650.0,0.0,0.0,0.0,0.0,0.0,64.75,52.625,50.03125,51.75,39.9375,3.267578125,2.38671875,58.5,5.0078125,0.81201171875,57.6875,11.9921875,0.142944335938,54.1875
17271,09/27/2016 06:13:26.4727,,402,17,0,56,48,0,0,0,1,1028,3,15431,49,17165627,0,0,0.0,3.0,5650.0,0.0,0.0,0.0,0.0,0.0,64.5625,52.75,50.21875,51.75,39.9375,3.267578125,2.3984375,58.5,5.0078125,0.81201171875,57.6875,11.9921875,0.142944335938,54.1875
17272,09/27/2016 06:13:27.5588,,402,17,0,56,48,0,0,0,1,1028,3,15432,49,17166627,0,0,0.0,3.0,5650.0,0.0,0.0,0.0,0.0,0.0,65.0,52.6875,50.0625,51.96875,39.9375,3.267578125,2.384765625,58.4375,5.0078125,0.81201171875,57.6875,11.9921875,0.134033203125,54.1875
17273,09/27/2016 06:13:28.4609,,402,17,0,56,48,0,0,0,1,1028,3,15433,49,17167627,0,0,0.0,3.0,5650.0,0.0,0.0,0.0,0.0,0.0,64.6875,52.53125,49.9375,51.75,39.9375,3.267578125,2.390625,58.4375,5.0078125,0.81201171875,57.6875,11.9921875,0.142944335938,54.1875
17274,09/27/2016 06:13:29.5630,,402,17,0,56,48,0,0,0,1,1028,3,15434,49,17168627,0,0,0.0,3.0,5650.0,0.0,0.0,0.0,0.0,0.0,64.625,52.75,50.0,51.875,39.9375,3.267578125,2.388671875,58.4375,5.0078125,0.81201171875,57.6875,11.9921875,0.142944335938,54.1875
17275,09/27/2016 06:13:30.4741,,402,17,0,56,48,0,0,0,1,1028,3,15435,49,17169627,0,0,0.0,3.0,5650.0,0.0,0.0,0.0,0.0,0.0,64.875,52.40625,50.1875,51.96875,39.9375,3.267578125,2.388671875,58.5,5.0078125,0.81298828125,57.6875,11.9921875,0.142944335938,54.1875
17276,09/27/2016 06:13:31.5752,,402,17,0,56,48,0,0,0,1,1028,3,15436,49,17170627,0,0,0.0,3.0,5650.0,0.0,0.0,0.0,0.0,0.0,64.875,52.625,50.0,51.78125,39.9375,3.267578125,2.38671875,58.5,5.0078125,0.81201171875,57.6875,11.9921875,0.142944335938,54.1875
17277,09/27/2016 06:13:32.4663,,402,17,0,56,48,0,0,0,1,1028,3,15437,49,17171627,0,0,0.0,3.0,5650.0,0.0,0.0,0.0,0.0,0.0,65.0,52.6875,49.96875,51.8125,39.9375,3.267578125,2.388671875,58.4375,5.0078125,0.81201171875,57.6875,11.9921875,0.134033203125,54.1875
17278,09/27/2016 06:13:33.5784,,402,17,0,56,48,0,0,0,1,1028,3,15438,49,17172627,0,0,0.0,3.0,5650.0,0.0,0.0,0.0,0.0,0.0,64.875,52.625,50.09375,51.875,39.9375,3.267578125,2.396484375,58.4375,5.0078125,0.81201171875,57.6875,11.9921875,0.142944335938,54.1875
17279,09/27/2016 06:13:34.4875,,402,17,0,56,48,0,0,0,1,1028,3,15439,49,17173627,0,0,0.0,3.0,5650.0,0.0,0.0,0.0,0.0,0.0,64.8125,52.59375,50.125,51.84375,39.9375,3.271484375,2.359375,58.4375,5.0078125,0.81201171875,57.6875,11.9921875,0.142944335938,54.1875
17280,09/27/2016 06:13:35.5806,,402,17,0,56,48,0,0,0,1,1028,3,15440,49,17174627,0,0,0.0,3.0,5650.0,0.0,0.0,0.0,0.0,0.0,64.8125,52.46875,49.84375,51.875,39.9375,3.267578125,2.39453125,58.5,5.0078125,0.81201171875,57.6875,11.9921875,0.142944335938,54.1875
17281,09/27/2016 06:13:36.4917,,402,17,0,56,48,0,0,0,1,1028,3,15441,49,17175627,0,0,0.0,3.0,5650.0,0.0,0.0,0.0,0.0,0.0,64.8125,52.46875,50.1875,51.90625,39.9375,3.267578125,2.36328125,58.5,5.0078125,0.81201171875,57.6875,11.9921875,0.142944335938,54.1875
17282,09/27/2016 06:13:37.4038,,402,17,0,56,48,0,0,0,1,1028,3,15442,49,17176627,0,0,0.0,3.0,5650.0,0.0,0.0,0.0,0.0,0.0,64.6875,52.5,49.9375,51.90625,39.9375,3.267578125,2.38671875,58.5,5.0078125,0.81201171875,57.6875,11.9921875,0.134033203125,54.1875
17283,09/27/2016 06:13:38.5069,,402,17,0,56,48,0,0,0,1,1028,3,15443,49,17177627,0,0,0.0,3.0,5650.0,0.0,0.0,0.0,0.0,0.0,65.0,52.625,50.1875,51.8125,39.9375,3.267578125,2.384765625,58.4375,5.0078125,0.81201171875,57.6875,11.9921875,0.142944335938,54.1875
17284,09/27/2016 06:13:39.4120,,402,17,0,56,48,0,0,0,1,1028,3,15444,49,17178627,0,0,0.0,3.0,5650.0,0.0,0.0,0.0,0.0,0.0,64.75,52.625,49.96875,51.78125,39.9375,3.267578125,2.390625,58.5,5.0078125,0.81201171875,57.6875,11.9921875,0.142944335938,54.1875
17285,09/27/2016 06:13:40.5141,,402,17,0,56,48,0,0,0,1,1028,3,15445,49,17179627,0,0,0.0,3.0,5650.0,0.0,0.0,0.0,0.0,0.0,65.25,52.53125,49.96875,51.71875,39.9375,3.267578125,2.39453125,58.5,5.0078125,0.81201171875,57.6875,11.9921875,0.142944335938,54.1875
17286,09/27/2016 06:13:41.4142,,402,17,0,56,48,0,0,0,1,1028,3,15446,49,17180627,0,0,0.0,3.0,5650.0,0.0,0.0,0.0,0.0,0.0,65.1875,52.5,50.0,51.6875,39.9375,3.267578125,2.38671875,58.4375,5.0078125,0.81201171875,57.6875,11.9921875,0.142944335938,54.1875
17287,09/27/2016 06:13:42.5033,,402,17,0,56,48,0,0,0,1,1028,3,15447,49,17181627,0,0,0.0,3.0,5650.0,0.0,0.0,0.0,0.0,0.0,65.1875,52.46875,50.125,52.0625,39.9375,3.267578125,2.390625,58.4375,5.0078125,0.81201171875,57.6875,11.9921875,0.134033203125,54.1875
17288,09/27/2016 06:13:43.4024,,402,17,0,56,48,0,0,0,1,1028,3,15448,49,17182627,0,0,0.0,3.0,5650.0,0.0,0.0,0.0,0.0,0.0,65.0,52.6875,50.0625,51.90625,39.9375,3.267578125,2.38671875,58.5,5.0078125,0.81201171875,57.6875,11.9921875,0.142944335938,54.1875
17289,09/27/2016 06:13:44.5075,,402,17,0,56,48,0,0,0,1,1028,3,15449,49,17183627,0,0,0.0,3.0,5650.0,0.0,0.0,0.0,0.0,0.0,64.875,52.75,50.125,52.0625,39.9375,3.267578125,2.388671875,58.4375,5.0078125,0.81201171875,57.6875,11.9921875,0.142944335938,54.1875
17290,09/27/2016 06:13:45.4116,,402,17,0,56,48,0,0,0,1,1028,3,15450,49,17184627,0,0,0.0,3.0,5650.0,0.0,0.0,0.0,0.0,0.0,64.8125,52.5,50.0625,51.90625,39.9375,3.267578125,2.384765625,58.5,5.0078125,0.81201171875,57.6875,11.9921875,0.142944335938,54.1875
17291,09/27/2016 06:13:46.5167,,402,17,0,56,48,0,0,0,1,1028,3,15451,49,17185627,0,0,0.0,3.0,5650.0,0.0,0.0,0.0,0.0,0.0,64.8125,52.5625,49.90625,51.8125,39.9375,3.267578125,2.392578125,58.4375,5.0078125,0.81201171875,57.6875,11.9921875,0.142944335938,54.1875
17292,09/27/2016 06:13:47.4178,,402,17,0,56,48,0,0,0,1,1028,3,15452,49,17186627,0,0,0.0,3.0,5650.0,0.0,0.0,0.0,0.0,0.0,65.0625,52.75,50.15625,51.9375,39.9375,3.267578125,2.388671875,58.5,5.0078125,0.81201171875,57.6875,11.9921875,0.134033203125,54.1875
17293,09/27/2016 06:13:48.5119,,402,17,0,56,48,0,0,0,1,1028,3,15453,49,17187627,0,0,0.0,3.0,5650.0,0.0,0.0,0.0,0.0,0.0,64.875,52.75,50.1875,51.75,39.9375,3.267578125,2.384765625,58.5,5.0078125,0.81201171875,57.6875,11.9921875,0.142944335938,54.1875
17294,09/27/2016 06:13:49.4260,,402,17,0,56,48,0,0,0,1,1028,3,15454,49,17188627,0,0,0.0,3.0,5650.0,0.0,0.0,0.0,0.0,0.0,64.9375,52.5625,49.96875,52.0625,39.9375,3.267578125,2.392578125,58.5,5.0078125,0.81201171875,57.6875,11.9921875,0.142944335938,54.1875
17295,09/27/2016 06:13:50.5271,[1553   ] SSD_PLAY ssd=1 par=1 file=3 skip=,402,17,0,56,48,0,0,0,1,1026,3,1089,49,17189541,0,0,,,,,,,,,,,,,,,,,,,,,,
17296,09/27/2016 06:13:50.5371,ssd:1:1 - playback partition...,402,17,0,56,48,0,0,0,1,1026,3,1090,49,17189542,0,0,,,,,,,,,,,,,,,,,,,,,,
17297,09/27/2016 06:13:51.3472,ssd:1:1 - playback: start,402,17,0,56,48,0,0,0,1,1026,3,1091,49,17189542,0,0,,,,,,,,,,,,,,,,,,,,,,
17298,09/27/2016 06:13:51.3572,[0000341] cmd:success [0x00000001],402,17,0,56,48,0,0,0,1,1026,3,1092,49,17189543,0,0,,,,,,,,,,,,,,,,,,,,,,
17299,09/27/2016 06:13:51.4132,,402,17,0,56,48,0,0,0,1,1028,3,15455,49,17190627,0,0,1.0,3.0,5650.0,13.0,0.0,0.0,0.0,0.0,64.875,52.625,50.0,52.0625,39.9375,3.267578125,2.412109375,58.5,5.00390625,1.115234375,57.6875,11.9921875,0.142944335938,54.1875
17300,09/27/2016 06:13:52.4893,ssd:1:1 - playback: file_0003 31% sector=49,402,17,0,56,48,0,0,0,1,1026,3,1093,49,17191145,0,0,,,,,,,,,,,,,,,,,,,,,,
17301,09/27/2016 06:13:52.5263,,402,17,0,56,48,0,0,0,1,1028,3,15456,49,17191627,0,0,1.0,3.0,5650.0,32.0,0.0,0.0,0.0,0.0,65.0625,52.5625,50.0625,51.84375,39.9375,3.267578125,2.423828125,58.5,5.00390625,1.1181640625,57.6875,11.9921875,0.134033203125,54.1875
17302,09/27/2016 06:13:53.4194,,402,17,0,56,48,0,0,0,1,1028,3,15457,49,17192627,0,0,1.0,3.0,5650.0,52.0,0.0,0.0,0.0,0.0,64.8125,52.625,50.1875,51.75,39.9375,3.267578125,2.41015625,58.4375,5.00390625,1.115234375,57.6875,11.9921875,0.142944335938,54.1875
17303,09/27/2016 06:13:54.5225,,402,17,0,56,48,0,0,0,1,1028,3,15458,49,17193627,0,0,1.0,3.0,5650.0,71.0,0.0,0.0,0.0,0.0,64.875,52.65625,50.15625,51.71875,39.9375,3.267578125,2.421875,58.5,5.00390625,1.1162109375,57.6875,11.9921875,0.142944335938,54.1875
17304,09/27/2016 06:13:55.4246,,402,17,0,56,48,0,0,0,1,1028,3,15459,49,17194627,0,0,1.0,3.0,5650.0,91.0,0.0,0.0,0.0,0.0,64.75,52.625,50.125,51.90625,39.9375,3.267578125,2.4140625,58.5,5.00390625,1.1162109375,57.6875,11.9921875,0.142944335938,54.1875
17305,09/27/2016 06:13:55.4336,ssd:1:1 - playback: complete,402,17,0,56,48,0,0,0,1,1026,3,1094,49,17194649,0,0,,,,,,,,,,,,,,,,,,,,,,
17306,09/27/2016 06:13:56.5417,,402,17,0,56,48,0,0,0,1,1028,3,15460,49,17195627,0,0,0.0,3.0,5650.0,100.0,0.0,0.0,0.0,0.0,65.0625,52.4375,49.9375,51.90625,39.9375,3.267578125,2.392578125,58.4375,5.0078125,0.81396484375,57.6875,11.9921875,0.142944335938,54.1875
17307,09/27/2016 06:13:57.4368,,402,17,0,56,48,0,0,0,1,1028,3,15461,49,17196627,0,0,0.0,3.0,5650.0,100.0,0.0,0.0,0.0,0.0,65.5,52.375,50.0,52.03125,40.0,3.267578125,2.38671875,58.5,5.0078125,0.81298828125,57.6875,11.9921875,0.134033203125,54.1875
17308,09/27/2016 06:13:58.5459,,402,17,0,56,48,0,0,0,1,1028,3,15462,49,17197627,0,0,0.0,3.0,5650.0,100.0,0.0,0.0,0.0,0.0,64.8125,52.625,50.21875,51.90625,40.0,3.267578125,2.388671875,58.4375,5.0078125,0.81298828125,57.75,11.9921875,0.142944335938,54.1875
17309,09/27/2016 06:13:59.4500,,402,17,0,56,48,0,0,0,1,1028,3,15463,49,17198627,0,0,0.0,3.0,5650.0,100.0,0.0,0.0,0.0,0.0,65.0625,52.71875,50.1875,51.875,40.0,3.267578125,2.388671875,58.5,5.0078125,0.81298828125,57.75,11.9921875,0.142944335938,54.1875
17310,09/27/2016 06:14:00.5411,,402,17,0,56,48,0,0,0,1,1028,3,15464,49,17199627,0,0,0.0,3.0,5650.0,100.0,0.0,0.0,0.0,0.0,65.0,52.625,49.75,51.90625,40.0,3.267578125,2.388671875,58.4375,5.0078125,0.81201171875,57.75,11.9921875,0.142944335938,54.1875
17311,09/27/2016 06:14:01.4502,,402,17,0,56,48,0,0,0,1,1028,3,15465,49,17200627,0,0,0.0,3.0,5650.0,100.0,0.0,0.0,0.0,0.0,65.0,52.78125,50.0,51.8125,40.0,3.267578125,2.38671875,58.5,5.0078125,0.81298828125,57.75,11.9921875,0.142944335938,54.1875
17312,09/27/2016 06:14:02.5533,,402,17,0,56,48,0,0,0,1,1028,3,15466,49,17201627,0,0,0.0,3.0,5650.0,100.0,0.0,0.0,0.0,0.0,65.0,52.4375,50.09375,51.6875,39.9375,3.267578125,2.388671875,58.5,5.0078125,0.81298828125,57.75,11.9921875,0.134033203125,54.1875
17313,09/27/2016 06:14:03.4434,,402,17,0,56,48,0,0,0,1,1028,3,15467,49,17202627,0,0,0.0,3.0,5650.0,100.0,0.0,0.0,0.0,0.0,64.875,52.4375,50.25,52.0,39.9375,3.267578125,2.396484375,58.5,5.0078125,0.81201171875,57.75,11.9921875,0.142944335938,54.1875
17314,09/27/2016 06:14:04.5555,,402,17,0,56,48,0,0,0,1,1028,3,15468,49,17203627,0,0,0.0,3.0,5650.0,100.0,0.0,0.0,0.0,0.0,64.5625,52.46875,50.03125,52.0,39.9375,3.267578125,2.38671875,58.5,5.0078125,0.81298828125,57.75,11.9921875,0.142944335938,54.1875
17315,09/27/2016 06:14:05.4626,,402,17,0,56,48,0,0,0,1,1028,3,15469,49,17204627,0,0,0.0,3.0,5650.0,100.0,0.0,0.0,0.0,0.0,65.0,52.59375,50.0625,51.96875,39.9375,3.267578125,2.388671875,58.5,5.0078125,0.81201171875,57.75,11.9921875,0.142944335938,54.1875
17316,09/27/2016 06:14:06.5557,,402,17,0,56,48,0,0,0,1,1028,3,15470,49,17205627,0,0,0.0,3.0,5650.0,100.0,0.0,0.0,0.0,0.0,64.875,52.5625,50.0625,51.75,39.9375,3.267578125,2.384765625,58.5,5.0078125,0.81201171875,57.75,11.9921875,0.142944335938,54.25
17317,09/27/2016 06:14:07.4648,,402,17,0,56,48,0,0,0,1,1028,3,15471,49,17206627,0,0,0.0,3.0,5650.0,100.0,0.0,0.0,0.0,0.0,64.9375,52.59375,49.9375,52.0,39.9375,3.267578125,2.388671875,58.5,5.0078125,0.81298828125,57.75,11.9921875,0.134033203125,54.1875
17318,09/27/2016 06:14:08.5659,,402,17,0,56,48,0,0,0,1,1028,3,15472,49,17207627,0,0,0.0,3.0,5650.0,100.0,0.0,0.0,0.0,0.0,64.625,52.5,49.9375,52.03125,39.9375,3.267578125,2.38671875,58.5,5.0078125,0.81201171875,57.75,11.9921875,0.142944335938,54.1875
17319,09/27/2016 06:14:09.4570,,402,17,0,56,48,0,0,0,1,1028,3,15473,49,17208627,0,0,0.0,3.0,5650.0,100.0,0.0,0.0,0.0,0.0,64.9375,52.6875,49.84375,51.84375,39.9375,3.271484375,2.37890625,58.4375,5.0078125,0.81201171875,57.75,11.9921875,0.142944335938,54.25
17320,09/27/2016 06:14:10.5701,,402,17,0,56,48,0,0,0,1,1028,3,15474,49,17209627,0,0,0.0,3.0,5650.0,100.0,0.0,0.0,0.0,0.0,65.25,52.5625,50.09375,52.0625,39.9375,3.267578125,2.396484375,58.5,5.0078125,0.81201171875,57.75,11.9921875,0.142944335938,54.25
17321,09/27/2016 06:14:11.4752,,402,17,0,56,48,0,0,0,1,1028,3,15475,49,17210627,0,0,0.0,3.0,5650.0,100.0,0.0,0.0,0.0,0.0,64.8125,52.78125,50.0,51.71875,39.9375,3.267578125,2.38671875,58.5,5.0078125,0.81201171875,57.75,11.9921875,0.142944335938,54.25
17322,09/27/2016 06:14:12.5663,,402,17,0,56,48,0,0,0,1,1028,3,15476,49,17211627,0,0,0.0,3.0,5650.0,100.0,0.0,0.0,0.0,0.0,65.125,52.46875,50.25,51.90625,40.0,3.267578125,2.39453125,58.5,5.0078125,0.81201171875,57.75,11.9921875,0.134033203125,54.1875
17323,09/27/2016 06:14:13.4664,,402,17,0,56,48,0,0,0,1,1028,3,15477,49,17212627,0,0,0.0,3.0,5650.0,100.0,0.0,0.0,0.0,0.0,65.125,52.59375,50.125,52.15625,40.0,3.267578125,2.390625,58.5,5.0078125,0.81201171875,57.6875,11.9921875,0.142944335938,54.1875
17324,09/27/2016 06:14:14.5555,,402,17,0,56,48,0,0,0,1,1028,3,15478,49,17213627,0,0,0.0,3.0,5650.0,100.0,0.0,0.0,0.0,0.0,64.75,52.5625,50.03125,51.9375,40.0,3.267578125,2.37109375,58.5,5.0078125,0.81201171875,57.75,11.9921875,0.142944335938,54.25
17325,09/27/2016 06:14:15.4656,,402,17,0,56,48,0,0,0,1,1028,3,15479,49,17214627,0,0,0.0,3.0,5650.0,100.0,0.0,0.0,0.0,0.0,65.0,52.4375,50.125,51.90625,40.0,3.267578125,2.388671875,58.5,5.0078125,0.81201171875,57.75,11.9921875,0.142944335938,54.25
17326,09/27/2016 06:14:16.5657,,402,17,0,56,48,0,0,0,1,1028,3,15480,49,17215627,0,0,0.0,3.0,5650.0,100.0,0.0,0.0,0.0,0.0,64.9375,52.5625,50.34375,51.84375,40.0,3.267578125,2.388671875,58.5,5.0078125,0.81201171875,57.75,11.9921875,0.142944335938,54.1875
17327,09/27/2016 06:14:17.4658,,402,17,0,56,48,0,0,0,1,1028,3,15481,49,17216627,0,0,0.0,3.0,5650.0,100.0,0.0,0.0,0.0,0.0,64.375,52.59375,50.03125,51.9375,39.9375,3.267578125,2.39453125,58.5,5.0078125,0.81201171875,57.75,11.9921875,0.134033203125,54.25
17328,09/27/2016 06:14:18.5539,,402,17,0,56,48,0,0,0,1,1028,3,15482,49,17217627,0,0,0.0,3.0,5650.0,100.0,0.0,0.0,0.0,0.0,64.6875,52.46875,49.9375,51.90625,39.9375,3.267578125,2.390625,58.5,5.0078125,0.81201171875,57.75,11.9921875,0.14404296875,54.1875
17329,09/27/2016 06:14:19.4580,,402,17,0,56,48,0,0,0,1,1028,3,15483,49,17218627,0,0,0.0,3.0,5650.0,100.0,0.0,0.0,0.0,0.0,64.875,52.78125,50.0625,52.03125,39.9375,3.267578125,2.390625,58.5,5.0078125,0.81201171875,57.75,11.9921875,0.142944335938,54.1875
17330,09/27/2016 06:14:20.5601,,402,17,0,56,48,0,0,0,1,1028,3,15484,49,17219627,0,0,0.0,3.0,5650.0,100.0,0.0,0.0,0.0,0.0,64.875,52.5,50.15625,51.84375,39.9375,3.267578125,2.38671875,58.5,5.0078125,0.81201171875,57.75,11.9921875,0.142944335938,54.25
17331,09/27/2016 06:14:21.4702,,402,17,0,56,48,0,0,0,1,1028,3,15485,49,17220627,0,0,0.0,3.0,5650.0,100.0,0.0,0.0,0.0,0.0,65.125,52.65625,50.0625,51.8125,39.9375,3.267578125,2.384765625,58.5,5.0078125,0.81201171875,57.75,11.9921875,0.142944335938,54.25
17332,09/27/2016 06:14:22.5633,,402,17,0,56,48,0,0,0,1,1028,3,15486,49,17221627,0,0,0.0,3.0,5650.0,100.0,0.0,0.0,0.0,0.0,64.625,52.5,50.125,51.9375,40.0,3.267578125,2.38671875,58.5,5.0078125,0.81201171875,57.75,11.9921875,0.134033203125,54.1875
17333,09/27/2016 06:14:23.4644,,402,17,0,56,48,0,0,0,1,1028,3,15487,49,17222627,0,0,0.0,3.0,5650.0,100.0,0.0,0.0,0.0,0.0,65.0,52.75,50.34375,51.78125,40.0,3.267578125,2.384765625,58.5,5.0078125,0.81201171875,57.6875,11.9921875,0.14404296875,54.1875
17334,09/27/2016 06:14:24.5695,,402,17,0,56,48,0,0,0,1,1028,3,15488,49,17223627,0,0,0.0,3.0,5650.0,100.0,0.0,0.0,0.0,0.0,64.5,52.6875,50.03125,52.0,40.0,3.267578125,2.3828125,58.5,5.0078125,0.81201171875,57.75,11.9921875,0.142944335938,54.25
17335,09/27/2016 06:14:25.4636,,402,17,0,56,48,0,0,0,1,1028,3,15489,49,17224627,0,0,0.0,3.0,5650.0,100.0,0.0,0.0,0.0,0.0,64.875,52.71875,50.09375,51.84375,40.0,3.267578125,2.38671875,58.5,5.0078125,0.81201171875,57.75,11.9921875,0.142944335938,54.25
17336,09/27/2016 06:14:26.5697,,402,17,0,56,48,0,0,0,1,1028,3,15490,49,17225627,0,0,0.0,3.0,5650.0,100.0,0.0,0.0,0.0,0.0,64.875,52.53125,50.15625,51.875,40.0,3.267578125,2.396484375,58.5,5.0078125,0.81201171875,57.75,11.9921875,0.142944335938,54.1875
17337,09/27/2016 06:14:27.4598,,402,17,0,56,48,0,0,0,1,1028,3,15491,49,17226627,0,0,0.0,3.0,5650.0,100.0,0.0,0.0,0.0,0.0,64.625,52.65625,50.125,51.84375,40.0,3.267578125,2.388671875,58.5,5.0078125,0.81201171875,57.75,11.9921875,0.134033203125,54.25
17338,09/27/2016 06:14:28.5759,,402,17,0,56,48,0,0,0,1,1028,3,15492,49,17227627,0,0,0.0,3.0,5650.0,100.0,0.0,0.0,0.0,0.0,64.75,52.625,50.25,51.9375,40.0,3.267578125,2.390625,58.5,5.0078125,0.81201171875,57.75,11.9921875,0.14404296875,54.25
17339,09/27/2016 06:14:29.4880,,402,17,0,56,48,0,0,0,1,1028,3,15493,49,17228627,0,0,0.0,3.0,5650.0,100.0,0.0,0.0,0.0,0.0,64.5625,52.375,50.125,51.78125,40.0,3.267578125,2.38671875,58.5,5.0078125,0.81201171875,57.6875,11.9921875,0.142944335938,54.25
17340,09/27/2016 06:14:30.5791,,402,17,0,56,48,0,0,0,1,1028,3,15494,49,17229627,0,0,0.0,3.0,5650.0,100.0,0.0,0.0,0.0,0.0,65.0,52.5625,50.1875,51.84375,40.0,3.267578125,2.388671875,58.5,5.0078125,0.81201171875,57.6875,11.9921875,0.142944335938,54.1875
17341,09/27/2016 06:14:31.4812,,402,17,0,56,48,0,0,0,1,1028,3,15495,49,17230627,0,0,0.0,3.0,5650.0,100.0,0.0,0.0,0.0,0.0,64.4375,52.71875,50.21875,51.9375,40.0,3.267578125,2.38671875,58.5,5.0078125,0.81298828125,57.75,11.9921875,0.142944335938,54.25
17342,09/27/2016 06:14:32.5833,,402,17,0,56,48,0,0,0,1,1028,3,15496,49,17231627,0,0,0.0,3.0,5650.0,100.0,0.0,0.0,0.0,0.0,65.3125,52.65625,50.0625,51.90625,40.0,3.267578125,2.390625,58.5,5.0078125,0.81201171875,57.75,11.9921875,0.134033203125,54.25
17343,09/27/2016 06:14:33.4754,,402,17,0,56,48,0,0,0,1,1028,3,15497,49,17232627,0,0,0.0,3.0,5650.0,100.0,0.0,0.0,0.0,0.0,65.0,52.65625,50.21875,52.0,40.0,3.267578125,2.39453125,58.5,5.0078125,0.81298828125,57.75,11.9921875,0.142944335938,54.1875
17344,09/27/2016 06:14:34.5865,,402,17,0,56,48,0,0,0,1,1028,3,15498,49,17233627,0,0,0.0,3.0,5650.0,100.0,0.0,0.0,0.0,0.0,64.75,52.59375,50.09375,51.875,40.0,3.267578125,2.38671875,58.5,5.0078125,0.81201171875,57.75,11.9921875,0.142944335938,54.25
17345,09/27/2016 06:14:35.4876,,402,17,0,56,48,0,0,0,1,1028,3,15499,49,17234627,0,0,0.0,3.0,5650.0,100.0,0.0,0.0,0.0,0.0,64.75,52.53125,50.1875,51.9375,40.0,3.267578125,2.271484375,58.5,5.0078125,0.81201171875,57.6875,11.9921875,0.142944335938,54.25
17346,09/27/2016 06:14:36.5787,,402,17,0,56,48,0,0,0,1,1028,3,15500,49,17235627,0,0,0.0,3.0,5650.0,100.0,0.0,0.0,0.0,0.0,64.8125,52.5625,50.125,52.03125,40.0,3.267578125,2.38671875,58.5,5.0078125,0.81201171875,57.6875,11.9921875,0.142944335938,54.1875
17347,09/27/2016 06:14:37.4888,,402,17,0,56,48,0,0,0,1,1028,3,15501,49,17236627,0,0,0.0,3.0,5650.0,100.0,0.0,0.0,0.0,0.0,64.75,52.59375,49.9375,51.75,40.0,3.267578125,2.388671875,58.5,5.0078125,0.81103515625,57.6875,11.9921875,0.135009765625,54.1875
17348,09/27/2016 06:14:38.5859,,402,17,0,56,48,0,0,0,1,1028,3,15502,49,17237627,0,0,0.0,3.0,5650.0,100.0,0.0,0.0,0.0,0.0,64.875,52.5,50.09375,52.0,40.0,3.267578125,2.26171875,58.5,5.0078125,0.81201171875,57.75,11.9921875,0.141967773438,54.25
17349,09/27/2016 06:14:39.4780,,402,17,0,56,48,0,0,0,1,1028,3,15503,49,17238627,0,0,0.0,3.0,5650.0,100.0,0.0,0.0,0.0,0.0,65.0,52.59375,50.21875,51.96875,40.0,3.267578125,2.38671875,58.5,5.0078125,0.81201171875,57.6875,11.9921875,0.142944335938,54.25
17350,09/27/2016 06:14:40.5661,,402,17,0,56,48,0,0,0,1,1028,3,15504,49,17239627,0,0,0.0,3.0,5650.0,100.0,0.0,0.0,0.0,0.0,64.5625,52.40625,50.125,51.96875,40.0,3.267578125,2.39453125,58.5,5.0078125,0.81103515625,57.75,11.9921875,0.142944335938,54.25
17351,09/27/2016 06:14:41.4702,,402,17,0,56,48,0,0,0,1,1028,3,15505,49,17240627,0,0,0.0,3.0,5650.0,100.0,0.0,0.0,0.0,0.0,64.4375,52.59375,50.1875,52.0,40.0,3.267578125,2.38671875,58.5,5.0078125,0.81201171875,57.6875,11.9921875,0.142944335938,54.25
17352,09/27/2016 06:14:42.5733,,402,17,0,56,48,0,0,0,1,1028,3,15506,49,17241627,0,0,0.0,3.0,5650.0,100.0,0.0,0.0,0.0,0.0,64.75,52.78125,49.96875,51.875,40.0,3.267578125,2.388671875,58.5,5.0078125,0.81103515625,57.6875,11.9921875,0.134033203125,54.1875
17353,09/27/2016 06:14:43.4614,,402,17,0,56,48,0,0,0,1,1028,3,15507,49,17242627,0,0,0.0,3.0,5650.0,100.0,0.0,0.0,0.0,0.0,64.8125,52.6875,50.1875,51.875,40.0,3.267578125,2.384765625,58.5,5.0078125,0.81201171875,57.6875,11.9921875,0.140991210938,54.1875
17354,09/27/2016 06:14:44.5715,,402,17,0,56,48,0,0,0,1,1028,3,15508,49,17243627,0,0,0.0,3.0,5650.0,100.0,0.0,0.0,0.0,0.0,64.875,52.40625,50.0,52.03125,40.0,3.267578125,2.38671875,58.5,5.0078125,0.81298828125,57.6875,11.9921875,0.142944335938,54.25
17355,09/27/2016 06:14:45.4726,,402,17,0,56,48,0,0,0,1,1028,3,15509,49,17244627,0,0,0.0,3.0,5650.0,100.0,0.0,0.0,0.0,0.0,65.1875,52.5625,50.125,51.84375,40.0,3.267578125,2.384765625,58.5,5.0078125,0.81201171875,57.75,11.9921875,0.142944335938,54.25
17356,09/27/2016 06:14:46.5627,,402,17,0,56,48,0,0,0,1,1028,3,15510,49,17245627,0,0,0.0,3.0,5650.0,100.0,0.0,0.0,0.0,0.0,64.875,52.71875,50.125,52.21875,40.0,3.267578125,2.388671875,58.5,5.0078125,0.81201171875,57.75,11.9921875,0.142944335938,54.25
17357,09/27/2016 06:14:47.4538,,402,17,0,56,48,0,0,0,1,1028,3,15511,49,17246627,0,0,0.0,3.0,5650.0,100.0,0.0,0.0,0.0,0.0,64.8125,52.78125,50.15625,51.96875,40.0,3.267578125,2.39453125,58.5,5.0078125,0.81201171875,57.6875,11.9921875,0.134033203125,54.25
17358,09/27/2016 06:14:48.5549,,402,17,0,56,48,0,0,0,1,1028,3,15512,49,17247627,0,0,0.0,3.0,5650.0,100.0,0.0,0.0,0.0,0.0,65.0625,52.59375,50.25,52.03125,40.0,3.267578125,2.38671875,58.5,5.0078125,0.81201171875,57.6875,11.9921875,0.139038085938,54.25
17359,09/27/2016 06:14:49.4480,,402,17,0,56,48,0,0,0,1,1028,3,15513,49,17248627,0,0,0.0,3.0,5650.0,100.0,0.0,0.0,0.0,0.0,64.6875,52.5,50.03125,51.9375,40.0,3.267578125,2.392578125,58.5,5.0078125,0.81201171875,57.6875,11.9921875,0.142944335938,54.25
17360,09/27/2016 06:14:50.5351,,402,17,0,56,48,0,0,0,1,1028,3,15514,49,17249627,0,0,0.0,3.0,5650.0,100.0,0.0,0.0,0.0,0.0,65.3125,52.625,50.15625,51.875,40.0,3.267578125,2.388671875,58.5,5.0078125,0.81201171875,57.6875,11.9921875,0.142944335938,54.1875
17361,09/27/2016 06:14:51.4492,,402,17,0,56,48,0,0,0,1,1028,3,15515,49,17250627,0,0,0.0,3.0,5650.0,100.0,0.0,0.0,0.0,0.0,65.1875,52.78125,49.9375,52.0,40.0,3.267578125,2.388671875,58.5,5.0078125,0.81201171875,57.6875,11.9921875,0.142944335938,54.25
17362,09/27/2016 06:14:52.5583,,402,17,0,56,48,0,0,0,1,1028,3,15516,49,17251627,0,0,0.0,3.0,5650.0,100.0,0.0,0.0,0.0,0.0,64.8125,52.59375,50.1875,51.96875,40.0,3.267578125,2.38671875,58.5,5.0078125,0.81201171875,57.6875,11.9921875,0.134033203125,54.25
17363,09/27/2016 06:14:53.4504,,402,17,0,56,48,0,0,0,1,1028,3,15517,49,17252627,0,0,0.0,3.0,5650.0,100.0,0.0,0.0,0.0,0.0,64.8125,52.5625,50.09375,52.0625,40.0,3.267578125,2.38671875,58.5,5.0078125,0.81201171875,57.6875,11.9921875,0.137939453125,54.25
17364,09/27/2016 06:14:54.5675,,402,17,0,56,48,0,0,0,1,1028,3,15518,49,17253627,0,0,0.0,3.0,5650.0,100.0,0.0,0.0,0.0,0.0,64.75,52.625,50.03125,51.90625,40.0,3.267578125,2.400390625,58.5,5.0078125,0.81201171875,57.6875,11.9921875,0.142944335938,54.25
17365,09/27/2016 06:14:55.4666,,402,17,0,56,48,0,0,0,1,1028,3,15519,49,17254627,0,0,0.0,3.0,5650.0,100.0,0.0,0.0,0.0,0.0,65.1875,52.59375,49.90625,51.96875,40.0,3.267578125,2.388671875,58.5,5.0078125,0.81201171875,57.6875,11.9921875,0.142944335938,54.25
17366,09/27/2016 06:14:56.5597,,402,17,0,56,48,0,0,0,1,1028,3,15520,49,17255627,0,0,0.0,3.0,5650.0,100.0,0.0,0.0,0.0,0.0,64.6875,52.5,50.15625,52.0,40.0,3.267578125,2.39453125,58.5,5.0078125,0.81201171875,57.6875,11.9921875,0.142944335938,54.25
17367,09/27/2016 06:14:57.4678,,402,17,0,56,48,0,0,0,1,1028,3,15521,49,17256627,0,0,0.0,3.0,5650.0,100.0,0.0,0.0,0.0,0.0,64.9375,52.6875,50.125,51.90625,40.0,3.267578125,2.388671875,58.5,5.0078125,0.81298828125,57.6875,11.9921875,0.134033203125,54.25
17368,09/27/2016 06:14:58.5729,,402,17,0,56,48,0,0,0,1,1028,3,15522,49,17257627,0,0,0.0,3.0,5650.0,100.0,0.0,0.0,0.0,0.0,65.0625,52.5625,50.1875,52.0,40.0,3.267578125,2.38671875,58.5,5.0078125,0.81201171875,57.6875,11.9921875,0.135986328125,54.25
17369,09/27/2016 06:14:59.4630,,402,17,0,56,48,0,0,0,1,1028,3,15523,49,17258627,0,0,0.0,3.0,5650.0,100.0,0.0,0.0,0.0,0.0,65.25,52.46875,50.09375,51.875,40.0,3.267578125,2.390625,58.5,5.0078125,0.81298828125,57.75,11.9921875,0.142944335938,54.25
17370,09/27/2016 06:15:00.5681,,402,17,0,56,48,0,0,0,1,1028,3,15524,49,17259627,0,0,0.0,3.0,5650.0,100.0,0.0,0.0,0.0,0.0,64.75,52.5,50.125,51.96875,40.0,3.267578125,2.390625,58.5,5.0078125,0.81201171875,57.6875,11.9921875,0.142944335938,54.25
17371,09/27/2016 06:15:01.4722,,402,17,0,56,48,0,0,0,1,1028,3,15525,49,17260627,0,0,0.0,3.0,5650.0,100.0,0.0,0.0,0.0,0.0,65.0,52.6875,50.03125,52.09375,40.0,3.267578125,2.384765625,58.5,5.0078125,0.81298828125,57.6875,11.9921875,0.142944335938,54.25
17372,09/27/2016 06:15:02.5663,,402,17,0,56,48,0,0,0,1,1028,3,15526,49,17261627,0,0,0.0,3.0,5650.0,100.0,0.0,0.0,0.0,0.0,64.8125,52.625,49.84375,52.0,40.0,3.267578125,2.388671875,58.5,5.0078125,0.81201171875,57.6875,11.9921875,0.134033203125,54.25
17373,09/27/2016 06:15:03.4684,,402,17,0,56,48,0,0,0,1,1028,3,15527,49,17262627,0,0,0.0,3.0,5650.0,100.0,0.0,0.0,0.0,0.0,64.8125,52.46875,49.90625,52.0,40.0,3.267578125,2.390625,58.5,5.0078125,0.81201171875,57.6875,11.9921875,0.135009765625,54.25
17374,09/27/2016 06:15:04.5675,,402,17,0,56,48,0,0,0,1,1028,3,15528,49,17263627,0,0,0.0,3.0,5650.0,100.0,0.0,0.0,0.0,0.0,65.25,52.625,49.9375,51.71875,40.0,3.267578125,2.38671875,58.5,5.0078125,0.81201171875,57.6875,11.9921875,0.142944335938,54.25
17375,09/27/2016 06:15:05.4606,,402,17,0,56,48,0,0,0,1,1028,3,15529,49,17264627,0,0,0.0,3.0,5650.0,100.0,0.0,0.0,0.0,0.0,64.9375,52.5,50.09375,51.96875,40.0,3.267578125,2.384765625,58.5,5.0078125,0.81201171875,57.6875,11.9921875,0.142944335938,54.25
17376,09/27/2016 06:15:06.5717,,402,17,0,56,48,0,0,0,1,1028,3,15530,49,17265627,0,0,0.0,3.0,5650.0,100.0,0.0,0.0,0.0,0.0,65.1875,52.5625,50.28125,51.8125,40.0,3.267578125,2.384765625,58.5,5.0078125,0.81103515625,57.6875,11.9921875,0.142944335938,54.25
17377,09/27/2016 06:15:07.4758,,402,17,0,56,48,0,0,0,1,1028,3,15531,49,17266627,0,0,0.0,3.0,5650.0,100.0,0.0,0.0,0.0,0.0,64.8125,52.46875,50.0625,51.84375,40.0,3.267578125,2.388671875,58.5,5.0078125,0.81201171875,57.6875,11.9921875,0.134033203125,54.25
17378,09/27/2016 06:15:08.5669,,402,17,0,56,48,0,0,0,1,1028,3,15532,49,17267627,0,0,0.0,3.0,5650.0,100.0,0.0,0.0,0.0,0.0,65.0,52.65625,49.9375,51.875,40.0,3.267578125,2.384765625,58.5,5.0078125,0.81298828125,57.6875,11.9921875,0.134033203125,54.25
17379,09/27/2016 06:15:09.4700,,402,17,0,56,48,0,0,0,1,1028,3,15533,49,17268627,0,0,0.0,3.0,5650.0,100.0,0.0,0.0,0.0,0.0,65.125,52.4375,50.0625,52.0,40.0,3.267578125,2.388671875,58.5,5.0078125,0.81201171875,57.6875,11.9921875,0.142944335938,54.25
17380,09/27/2016 06:15:10.5611,,402,17,0,56,48,0,0,0,1,1028,3,15534,49,17269627,0,0,0.0,3.0,5650.0,100.0,0.0,0.0,0.0,0.0,64.625,52.5,50.15625,52.0,40.0,3.267578125,2.39453125,58.5,5.0078125,0.81201171875,57.6875,11.9921875,0.142944335938,54.25
17381,09/27/2016 06:15:11.4552,,402,17,0,56,48,0,0,0,1,1028,3,15535,49,17270627,0,0,0.0,3.0,5650.0,100.0,0.0,0.0,0.0,0.0,65.25,52.71875,50.0,52.0,40.0,3.267578125,2.388671875,58.5,5.0078125,0.81201171875,57.6875,11.9921875,0.142944335938,54.25
17382,09/27/2016 06:15:12.5543,,402,17,0,56,48,0,0,0,1,1028,3,15536,49,17271627,0,0,0.0,3.0,5650.0,100.0,0.0,0.0,0.0,0.0,65.0,52.53125,49.9375,51.65625,40.0,3.267578125,2.388671875,58.5,5.0078125,0.81201171875,57.6875,11.9921875,0.134033203125,54.25
17383,09/27/2016 06:15:13.4544,,402,17,0,56,48,0,0,0,1,1028,3,15537,49,17272627,0,0,0.0,3.0,5650.0,100.0,0.0,0.0,0.0,0.0,65.0,52.5,50.1875,51.9375,40.0,3.267578125,2.388671875,58.5,5.0078125,0.81201171875,57.6875,11.9921875,0.134033203125,54.25
17384,09/27/2016 06:15:14.5465,,402,17,0,56,48,0,0,0,1,1028,3,15538,49,17273627,0,0,0.0,3.0,5650.0,100.0,0.0,0.0,0.0,0.0,65.25,52.65625,50.125,52.0,40.0,3.267578125,2.384765625,58.5,5.0078125,0.81201171875,57.6875,11.9921875,0.142944335938,54.25
17385,09/27/2016 06:15:15.4496,,402,17,0,56,48,0,0,0,1,1028,3,15539,49,17274627,0,0,0.0,3.0,5650.0,100.0,0.0,0.0,0.0,0.0,64.9375,52.71875,50.15625,51.90625,40.0,3.267578125,2.38671875,58.5,5.0078125,0.81201171875,57.6875,11.9921875,0.142944335938,54.25
17386,09/27/2016 06:15:16.5527,,402,17,0,56,48,0,0,0,1,1028,3,15540,49,17275627,0,0,0.0,3.0,5650.0,100.0,0.0,0.0,0.0,0.0,65.125,52.5625,50.03125,51.9375,40.0,3.267578125,2.390625,58.5,5.0078125,0.81201171875,57.6875,11.9921875,0.142944335938,54.25
17387,09/27/2016 06:15:17.4478,,402,17,0,56,48,0,0,0,1,1028,3,15541,49,17276627,0,0,0.0,3.0,5650.0,100.0,0.0,0.0,0.0,0.0,64.6875,52.59375,50.15625,51.84375,40.0,3.267578125,2.37890625,58.5,5.0078125,0.81201171875,57.6875,11.9921875,0.134033203125,54.25
17388,09/27/2016 06:15:18.5509,,402,17,0,56,48,0,0,0,1,1028,3,15542,49,17277627,0,0,0.0,3.0,5650.0,100.0,0.0,0.0,0.0,0.0,65.0625,52.8125,49.9375,51.96875,40.0,3.267578125,2.388671875,58.5,5.0078125,0.81201171875,57.6875,11.9921875,0.134033203125,54.25
17389,09/27/2016 06:15:19.4420,,402,17,0,56,48,0,0,0,1,1028,3,15543,49,17278627,0,0,0.0,3.0,5650.0,100.0,0.0,0.0,0.0,0.0,64.8125,52.46875,50.0,52.09375,40.0,3.271484375,2.337890625,58.5,5.0078125,0.81201171875,57.6875,11.9921875,0.142944335938,54.25
17390,09/27/2016 06:15:20.5331,,402,17,0,56,48,0,0,0,1,1028,3,15544,49,17279627,0,0,0.0,3.0,5650.0,100.0,0.0,0.0,0.0,0.0,64.6875,52.6875,50.0,51.65625,40.0,3.267578125,2.390625,58.5,5.0078125,0.81201171875,57.6875,11.9921875,0.142944335938,54.25
17391,09/27/2016 06:15:21.4232,,402,17,0,56,48,0,0,0,1,1028,3,15545,49,17280627,0,0,0.0,3.0,5650.0,100.0,0.0,0.0,0.0,0.0,64.75,52.625,50.21875,52.125,40.0,3.267578125,2.388671875,58.5,5.0078125,0.81201171875,57.6875,11.9921875,0.142944335938,54.25
17392,09/27/2016 06:15:22.5233,,402,17,0,56,48,0,0,0,1,1028,3,15546,49,17281627,0,0,0.0,3.0,5650.0,100.0,0.0,0.0,0.0,0.0,65.0625,52.5625,50.0625,52.0,40.0,3.267578125,2.388671875,58.5,5.0078125,0.81103515625,57.6875,11.9921875,0.134033203125,54.25
17393,09/27/2016 06:15:23.4144,,402,17,0,56,48,0,0,0,1,1028,3,15547,49,17282627,0,0,0.0,3.0,5650.0,100.0,0.0,0.0,0.0,0.0,64.9375,52.6875,50.09375,51.90625,40.0,3.267578125,2.38671875,58.5,5.0078125,0.81201171875,57.6875,11.9921875,0.134033203125,54.25
17394,09/27/2016 06:15:24.5385,,402,17,0,56,48,0,0,0,1,1028,3,15548,49,17283627,0,0,0.0,3.0,5650.0,100.0,0.0,0.0,0.0,0.0,64.9375,52.53125,50.03125,52.0,40.0,3.267578125,2.396484375,58.5,5.0078125,0.81201171875,57.6875,11.9921875,0.142944335938,54.25
17395,09/27/2016 06:15:25.4636,,402,17,0,56,48,0,0,0,1,1028,3,15549,49,17284627,0,0,0.0,3.0,5650.0,100.0,0.0,0.0,0.0,0.0,64.8125,52.71875,50.125,52.0,40.0,3.267578125,2.384765625,58.5,5.0078125,0.81201171875,57.6875,11.9921875,0.142944335938,54.25
17396,09/27/2016 06:15:26.5577,,402,17,0,56,48,0,0,0,1,1028,3,15550,49,17285627,0,0,0.0,3.0,5650.0,100.0,0.0,0.0,0.0,0.0,65.0625,52.71875,50.09375,51.78125,40.0,3.267578125,2.39453125,58.5,5.0078125,0.81201171875,57.6875,11.9921875,0.142944335938,54.25
17397,09/27/2016 06:15:27.4638,,402,17,0,56,48,0,0,0,1,1028,3,15551,49,17286627,0,0,0.0,3.0,5650.0,100.0,0.0,0.0,0.0,0.0,64.9375,52.5625,50.0625,51.96875,40.0,3.267578125,2.388671875,58.5,5.0078125,0.81201171875,57.6875,11.9921875,0.134033203125,54.25
17398,09/27/2016 06:15:28.5649,,402,17,0,56,48,0,0,0,1,1028,3,15552,49,17287627,0,0,0.0,3.0,5650.0,100.0,0.0,0.0,0.0,0.0,65.125,52.75,50.125,52.0,40.0,3.267578125,2.388671875,58.5,5.0078125,0.81201171875,57.6875,11.9921875,0.134033203125,54.25
